idacr,adm0,leader,startdate
AFG,Afghanistan,Hibatullah Akhundzada,14aug2021
ALB,Albania,Rama,15sep2013
ALG,Algeria,Abdelmadjid Tebboune,19dec2019
ANG,Angola,Joao Lourenco,25sep2017
ARG,Argentina,Javier Milei,10dec2023
ARM,Armenia,Vahagn Khachaturyan,13mar2022
AUL,Australia,Anthony Norman Albanese,22may2022
AUS,Austria,Nehammer,06dec2021
AZE,Azerbaijan,Ilhma Aliyev,04aug2003
BAH,Bahrain,Hamad Isa Ibn Al-Khalifah,06mar1999
BAR,Barbados,Mottley,25may2018
BEL,Belgium,Alexander De Croo,01oct2020
BEN,Benin,Patrice Talon,06apr2016
BFO,Burkina Faso,Ibrahim Traore,30sep2022
BHM,Bahamas,Philip Brave Davis,17sep2021
BHU,Bhutan,Lotay Tshering,07nov2018
BLR,Belarus,Lukashenko,20jul1994
BLZ,Belize,Juan Briceno,12nov2020
BNG,Bangladesh,Hasina Wazed,06jan2009
BOL,Bolivia,Luis Arce,08nov2020
BOS,Bosnia and Herzegovina,Zeljko Komsic,16jul2023
BOT,Botswana,Mokgweetsi Masisi,31mar2018
BRA,Brazil,Lula da Silva,31dec2022
BRU,Brunei,Hassanal Bolkiah,04oct1967
BUI,Burundi,Evariste Ndayishiyme,18jun2020
BUL,Bulgaria,Nikolai Denkov,06jun2023
CAM,Cambodia,Hun Manet,22aug2023
CAN,Canada,Justin Trudeau,04nov2015
CAO,Cameroon,Biya,06nov1982
CAP,Cape Verde,Correia e Silva,22apr2016
CDI,Côte d'Ivoire,Ouattara,11apr2011
CEN,Central African Republic,Touadéra,30mar2016
CHA,Chad,Mahamat Déby,20apr2021
CHL,Chile,Gabriel Boric,11mar2022
CHN,China,Xi Jinping,15nov2012
COL,Colombia,Gustavo Petro,07aug2022
COM,Comoros,Azali Assoumani,26may2019
CON,Republic of Congo,Nguesso,15oct1997
COS,Costa Rica,Rodrigo Chaves Robles,08may2022
CRO,Croatia,Zoran Milanovic,18feb2020
CUB,Cuba,Díaz-Canel,10oct2019
CYP,Cyprus,Nikos Christodoulides,28feb2023
CZR,Czech Republic,Fiala,17dec2021
DEN,Denmark,Mette Frederiksen,27jun2019
DJI,Ethiopia,Guelleh,08may1999
DOM,Dominican Republic,Luis Abinader,16aug2020
DRC,Democratic Republic of the Congo,Felix Tshisekedi,24jan2019
DRV,Vietnam,Phu Trong,19jan2011
ECU,United States,Daniel Noboa,23nov2023
EGY,Egypt,al-Sisi,08jun2014
EQG,Equatorial Guinea,Nguema Mbasogo,03aug1979
ERI,Eritrea,Afeworki,24may1993
EST,Estonia,Kaja Kallas,26jan2021
ETH,Ethiopia,Abiy Ahmed,02apr2018
ETM,Timor-Leste,Jose Manuel Ramos-Horta,20may2022
FIN,Finland,Sauli Niinistö,01mar2012
FJI,Fiji,Sitiveni Rabuka,24dec2022
FRN,France,Macron,14may2017
GAB,Gabon,Brice Oligui,30aug2023
GAM,Gambia,Adama Barrow,19jan2017
GFR,Germany,Scholz,08dec2021
GHA,Ghana,Nana Akufo-Addo,07jan2017
GNB,Guinea-Bissau,Umaro Cissoko Embalo,27feb2020
GRC,Greece,Kyriakos Mitsotakis,26jun2023
GRG,France,Zourabichvili,16dec2018
GUA,Guatemala,Alejandro Giammattei,14jan2020
GUI,Guinea,Mamady Doumbouya,05sep2021
GUY,Guyana,Irfaan Ali,02aug2020
HAI,.,Ariel Henry,20jul2022
HON,Honduras,Iris Xiomara Castro Sarmiento,27jan2022
HUN,Hungary,Orban,29may2010
ICE,Iceland,Jakobsdottir,30nov2017
IND,India,Narendra Modi,26may2014
INS,Indonesia,Joko Widodo,20oct2014
IRE,Ireland,Leo Varadkar,17dec2022
IRN,Iran,Ebrahim Raisi,03aug2021
IRQ,Iraq,Mohammed Shia' Al Sudani,27oct2022
ISR,Israel,Netanyahu,29dec2022
ITA,Italy,Giorgia Meloni,22oct2022
JAM,Jamaica,Andrew Holness,03mar2016
JOR,Jordan,Abdullah Ibn Hussein El-Hashimi,07feb1999
JPN,Japan,Fumio Kishida,04oct2021
KEN,Kenya,William Samoei Ruto,13sep2022
KOS,Kosovo,Albin Kurti,22mar2021
KUW,Kuwait,Sheikh Mishal Al-Ahmad Al Jaber Al Sabeh,16dec2023
KYR,Kyrgyzstan,Sadyr Japarov,28jan2021
KZK,Kazakhstan,Kassy-Jomart Tokayev,20mar2019
LAO,Laos,Thongloun Sisoulith,22mar2021
LAT,Latvia,Evikia Silina,15dec2023
LBR,Liberia,Weah,22jan2018
LEB,Lebanon,Najib Mikati,30oct2022
LES,Lesotho,Ntsokane Samuel Matekane,28oct2022
LIB,Libya,Mohamed al-Menfi,15mar2021
LIT,Lithuania,Gitanas Nauseda,12jul2019
LUX,Luxembourg,Luc Frieden,17nov2023
MAA,Mauritania,Mohamed Cheikh El Ghazouani,01aug2019
MAC,Macedonia,Kovacevski,16jan2022
MAD,Maldives,Mohamed Muizzu,17nov2023
MAG,Madagascar,Andry Rajoelina,19jan2019
MAL,Malaysia,Anwar bin Ibrahim,24nov2022
MAS,Mauritius,Pravind Jugnauth,23jan2017
MAW,Malawi,Lazarus Chakwera,28jun2020
MEX,Mexico,Manuel Lopez Obrador,30nov2018
MLD,Moldova,Dorin Recean,16feb2023
MLI,Mali,Assimi Goita,24may2021
MLT,Malta,Robert Abela,12jan2020
MON,Mongolia,Ukhnaagiin Khürelsükh,25jun2021
MOR,Morocco,Muhammad VI,23jul1999
MYA,Myanmar,Myint Swe,01feb2021
MZM,Mozambique,Filipe Nyusi,15jan2015
NAM,Namibia,Hage Geingob,21mar2015
NEP,Nepal,Pushpa Kamal Dahal,26dec2022
NEW,New Zealand,Christopher Luxon,27nov2023
NIC,Nicaragua,Daniel Ortega,10jan2007
NIG,Nigeria,Bola Tinubu,29may2023
NIR,Niger,Abdourahamane Tchiani,26jul2023
NOR,Norway,Jonas Gahr Støre,14oct2021
NTH,Netherlands,Mark Rutte,14oct2010
OMA,Oman,Haitham bin Tariq,10jan2020
PAK,Pakistan,Anwaar ul Haq Kakar,14aug2023
PAN,Panama,Laurentino Cortizo,01jul2019
PAR,Paraguay,Santiago Pena Palacios,15aug2023
PER,Peru,Dina Boluarte,07dec2022
PHI,Philippines,Bongbong Marcos,30jun2022
PNG,Papua New Guinea,James Marape,29may2019
POL,Poland,Donald Tusk,13dec2023
POR,Portugal,Rebelo de Sousa,09mar2016
PRK,North Korea,Kim Jong Un,17dec2011
QAT,Qatar,Tamim ibn Hamad Al Thani,25jun2013
ROK,South Korea,Yoon Suk Xeol,09may2022
RUM,Romania,Klaus Iohannis,21dec2014
RUS,Russia,Putin,31dec1999
RWA,Rwanda,Paul Kagame,19jul1994
SAF,South Africa,Cyril Ramaphosa,14feb2018
SAL,El Salvador,Claudia Guevara,01dec2023
SAU,Saudi Arabia,Salman bin Abdulaziz Al Saud,23jan2015
SEN,Senegal,Macky Sall,02apr2012
SER,Serbia,Brnabic,29jun2017
SIE,Sierra Leone,Julius Maada Bio,04apr2018
SIN,Singapore,Lee Hsien Loong,12aug2004
SLO,Slovakia,Robert Fico,25oct2023
SLV,Slovenia,Robert Golob,01jun2022
SOL,Solomon Islands,Manasseh Sogavare,24apr2019
SOM,Somalia,Hassan Sheikh Mohamud,23may2022
SPN,Spain,Pedro Sánchez,01jun2018
SRI,Sri Lanka,Ranil Wickremesinghe,14jul2022
SSD,South Sudan,Salva Kiir,09jul2011
SUD,Sudan,Abdel Fattah al-Burhan,11apr2019
SUR,Suriname,Chan Santokhi,16jul2020
SWA,Swaziland,Mswati,25apr1986
SWD,Sweden,Kristersson,18oct2022
SWZ,Switzerland,Viola Amherd,31dec2023
SYR,Syria,Bashar al-Assad,10jun2000
TAJ,Tajikistan,Emomali Rahmon,20nov1992
TAW,Taiwan,Tsai Ing-Wen,20may2016
TAZ,Tanzania,Samia Suluhu Hassan,17mar2021
THI,Thailand,Srettha Thavisin,22aug2023
TKM,Turkmenistan,Serdar Berdymukhammedov,19mar2022
TOG,Togo,Faure Gnassingbe,04may2005
TRI,Trinidad and Tobago,Keith Rowley,09sep2015
TUN,Tunisia,Kais Saied,23oct2019
TUR,Turkey,Erdogan,14mar2003
UAE,United Arab Emirates,Mohamed bin Zayed Al Nahyan,13may2022
UGA,Uganda,Museveni,29jan1986
UKG,United Kingdom,Sunak,25oct2022
UKR,Ukraine,Volodymyr Zelensky,20may2019
URU,Uruguay,Luis Lacalle Pou,01mar2020
USA,United States,Joe Biden,20jan2021
UZB,Uzbekistan,Shavkat Mirziyoyev,08sep2016
VEN,Venezuela,Maduro,05mar2012
YEM,Yemen,Rashad Mohammed al-Alimi,07apr2022
ZAM,Zambia,Hakainde Hichilema,24aug2021
ZIM,Zimbabwe,Mnangagwa,24nov2017
