ccode,country,year,leader,startdate,enddate,tstart,tstop,status,group,survival_days,age
40,Cuba,1954,Batista,1954-03-10,1959-01-01,1954.186301369863,1959,2,A,1758,53
41,Haiti,1946,Estime,1946-08-16,1950-05-10,1946.6219178082192,1950.3534246575343,2,B,1363,46
41,Haiti,1950,Magloire,1950-05-10,1956-12-12,1950.3534246575343,1956.9479452054795,2,B,2408,43
41,Haiti,1964,"Duvalier, Francois",1964-10-15,1971-04-22,1964.7890410958903,1971.304109589041,1,A,2380,57
41,Haiti,1986,Namphy,1986-02-07,1988-02-07,1986.1013698630136,1988.1013698630136,1,B,730,54
42,Dominican Republic,1952,Rafel Trujillo,1952-08-16,1961-05-30,1952.6246575342466,1961.4082191780822,2,A,3209,61
42,Dominican Republic,1962,Filiberto Bonnelly,1962-01-19,1963-02-27,1962.0493150684931,1963.1561643835616,1,B,404,58
42,Dominican Republic,1965,Godoy,1965-09-03,1966-07-01,1965.6712328767123,1966.495890410959,1,B,301,44
42,Dominican Republic,2015,Medina,2015-08-16,2020-08-16,2015.6219178082192,2020.6246575342466,1,A,1827,64
90,Guatemala,1963,Peralta Azurdia,1963-03-31,1966-07-01,1963.2438356164384,1966.495890410959,1,B,1188,55
90,Guatemala,1982,Rios Montt,1982-03-23,1983-08-08,1982.2219178082191,1983.6,2,B,503,56
90,Guatemala,1983,Mejia Victores,1983-08-08,1986-01-14,1983.6,1986.035616438356,1,B,890,53
91,Honduras,1956,Hector Caraccioli,1956-10-21,1957-12-21,1956.805479452055,1957.9698630136986,1,B,426,34
91,Honduras,1963,Lopez Arellano,1963-10-03,1971-06-06,1963.7534246575342,1971.427397260274,1,B,2803,42
91,Honduras,1972,Lopez Arellano,1972-12-04,1975-04-22,1972.9260273972602,1975.304109589041,2,B,869,51
91,Honduras,2009,Micheletti,2009-06-28,2010-01-27,2009.4876712328767,2010.0712328767124,1,B,213,61
91,Honduras,2015,Hernández,2015-01-27,2022-01-27,2015.0712328767124,2022.0712328767124,1,A,2557,47
92,El Salvador,1949,Osorio,1949-01-04,1949-10-22,1949.0082191780823,1949.805479452055,1,B,291,39
92,El Salvador,1961,Portillo,1961-01-25,1962-01-25,1961.0657534246575,1962.0657534246575,1,B,365,47
92,El Salvador,1979,Majano Ramos,1979-10-15,1980-12-07,1979.786301369863,1980.9342465753425,2,B,419,41
93,Nicaragua,1972,Anastasio Somoza Debayle,1972-05-01,1979-07-17,1972.331506849315,1979.5397260273974,2,A,2633,47
93,Nicaragua,2014,Daniel Ortega,2014-01-10,2024-07-29,2014.0246575342467,2024.5753424657535,1,A,3853,69
95,Panama,1948,Diaz Arosomena,1948-10-01,1949-07-28,1948.7506849315068,1949.5698630136985,1,B,300,75
95,Panama,1978,Torrijos Herrera,1978-10-12,1981-07-31,1978.7780821917809,1981.5780821917808,1,A,1023,49
100,Colombia,2005,Alvaro Uribe Velez,2005-08-08,2010-08-07,2005.6,2010.5972602739726,1,A,1825,53
101,Venezuela,1945,Betancourt,1945-10-18,1948-02-15,1945.7945205479452,1948.123287671233,1,B,850,37
101,Venezuela,1948,Delgado Chalbaud,1948-11-24,1950-11-13,1948.8986301369864,1950.8657534246574,2,B,719,39
101,Venezuela,2009,Hugo Chavez,2009-02-02,2012-03-05,2009.0876712328768,2012.1753424657534,1,A,1127,55
115,Suriname,1980,Bouterse,1980-08-13,1988-01-25,1980.6164383561643,1988.0657534246575,1,B,2721,34
130,Ecuador,1944,Velasco Ibarra,1944-05-31,1947-08-23,1944.4136986301369,1947.641095890411,2,B,1179,51
130,Ecuador,1947,Arosemana Tola,1947-09-17,1948-08-21,1947.7095890410958,1948.6383561643836,1,B,339,53
130,Ecuador,1961,Arosemena Monroy,1961-11-07,1963-07-11,1961.849315068493,1963.5232876712328,2,B,611,42
130,Ecuador,1963,Castro,1963-07-11,1966-03-29,1963.5232876712328,1966.2383561643835,2,B,992,48
130,Ecuador,1972,Rodriguez Lara,1972-02-15,1976-01-11,1972.123287671233,1976.027397260274,2,B,1426,49
130,Ecuador,1976,Poveda Burbano,1976-01-11,1979-08-10,1976.027397260274,1979.6054794520549,1,B,1307,50
130,Ecuador,2015,Rafael Correa,2015-01-15,2017-05-24,2015.0383561643835,2017.3917808219178,1,A,860,52
135,Peru,1948,Odria,1948-10-29,1950-06-01,1948.827397260274,1950.4136986301369,1,B,580,51
135,Peru,1963,Belaunde,1963-07-28,1968-10-03,1963.5698630136985,1968.7561643835616,2,B,1894,50
135,Peru,1968,Velasco Alvarado,1968-10-03,1975-08-29,1968.7561643835616,1975.6575342465753,2,B,2521,58
135,Peru,1975,Morales Bermudez,1975-08-30,1980-07-28,1975.6602739726027,1980.572602739726,1,B,1794,54
140,Brazil,1946,Dutra,1946-01-31,1951-01-31,1946.0821917808219,1951.0821917808219,1,B,1826,61
140,Brazil,1954,Cafe Filho,1954-08-24,1955-11-08,1954.6438356164383,1955.8520547945207,1,B,441,55
140,Brazil,1964,Castello Branco,1964-04-15,1967-03-15,1964.2876712328766,1967.2,1,B,1064,64
140,Brazil,1999,Cardoso,1999-01-01,2003-01-01,1999,2003,1,A,1461,68
145,Bolivia,1943,Villarroel,1943-12-20,1946-07-21,1943.9671232876713,1946.5506849315068,2,B,944,35
145,Bolivia,1951,Ballivian Rojas,1951-05-16,1952-04-11,1951.3698630136987,1952.2767123287672,2,B,331,49
145,Bolivia,1964,Barrientos Ortuna,1964-11-06,1966-01-05,1964.849315068493,1966.0109589041097,1,B,425,45
145,Bolivia,1970,Torres,1970-10-07,1971-08-22,1970.7643835616439,1971.6383561643836,2,B,319,49
145,Bolivia,1971,Banzer Suarez,1971-08-22,1978-07-21,1971.6383561643836,1978.5506849315068,2,B,2525,45
145,Bolivia,1980,Garcia Meza Tejada,1980-07-18,1981-08-04,1980.545205479452,1981.5890410958905,2,B,382,48
145,Bolivia,1981,Torrelio Villa,1981-08-05,1982-07-19,1981.5917808219178,1982.545205479452,2,B,348,48
145,Bolivia,2017,Juan Morales,2017-01-22,2019-11-10,2017.0575342465754,2019.8575342465754,2,A,1022,58
150,Paraguay,1949,Chavez,1949-09-10,1954-05-06,1949.690410958904,1954.3424657534247,2,B,1699,67
150,Paraguay,1967,Stroessner,1967-07-11,1989-02-03,1967.5232876712328,1989.0904109589042,2,A,7878,55
150,Paraguay,1989,Rodriguez Pedotti,1989-02-03,1993-08-15,1989.0904109589042,1993.6191780821919,1,B,1654,65
155,Chile,1980,Pinochet,1980-09-11,1990-03-11,1980.695890410959,1990.1890410958904,1,A,3468,65
160,Argentina,1944,Farrell,1944-03-10,1946-06-04,1944.1890410958904,1946.4219178082192,1,B,816,57
160,Argentina,1951,Peron,1951-06-04,1955-09-20,1951.4219178082192,1955.717808219178,2,A,1569,56
160,Argentina,1955,Aramburu,1955-11-13,1958-05-01,1955.8657534246574,1958.3287671232877,1,B,900,52
160,Argentina,1962,Guido,1962-03-29,1963-10-12,1962.2383561643835,1963.7780821917809,1,B,562,52
160,Argentina,1966,Ongania,1966-06-28,1970-06-08,1966.4876712328767,1970.4328767123288,2,B,1441,52
160,Argentina,1970,Levingston,1970-06-18,1971-03-22,1970.4602739726026,1971.2191780821918,2,B,277,50
160,Argentina,1976,Videla,1976-03-29,1981-03-29,1976.2410958904109,1981.2383561643835,1,B,1826,51
160,Argentina,1993,Menem,1993-07-08,1999-12-10,1993.5150684931507,1999.9397260273972,1,A,2346,63
165,Uruguay,1976,Mendez Manfredini,1976-09-01,1981-09-01,1976.668493150685,1981.6657534246576,1,B,1826,72
230,Spain,1939,Franco,1939-04-01,1975-10-30,1939.2465753424658,1975.827397260274,1,B,13361,47
235,Portugal,1974,Costa Gomes,1974-09-30,1976-07-23,1974.7452054794521,1976.558904109589,1,B,662,60
310,Hungary,1956,Kadar,1956-11-04,1988-05-22,1956.8438356164384,1988.3890410958904,1,B,11522,44
345,Yugoslavia,1974,Tito,1974-03-06,1980-05-04,1974.1753424657534,1980.3397260273973,1,A,2251,82
350,Greece,1965,Stephanopoulos,1965-09-17,1966-12-22,1965.7095890410958,1966.972602739726,1,B,461,67
350,Greece,1974,Karamanlis,1974-07-24,1980-05-09,1974.558904109589,1980.3534246575343,1,B,2116,67
360,Romania,1944,Michael,1944-08-23,1947-12-30,1944.6438356164383,1947.9945205479453,2,B,1224,23
365,Russia,1991,Yeltsin,1991-08-21,1999-12-31,1991.6356164383562,1999.9972602739726,1,B,3054,60
365,Russia,2012,Putin,2012-12-31,2024-07-29,2013,2024.5753424657535,1,A,4228,60
370,Belarus,2004,Lukashenko,2004-07-20,2024-07-29,2004.5506849315068,2024.5753424657535,1,A,7314,50
373,Azerbaijan,2002,H. Aliyev,2002-06-24,2003-08-04,2002.4767123287672,2003.5890410958905,1,A,406,79
373,Azerbaijan,2016,Ilhma Aliyev,2016-08-04,2024-07-29,2016.5917808219178,2024.5753424657535,1,A,2916,55
375,Finland,1973,Kekkonen,1973-03-01,1981-09-11,1973.1616438356164,1981.6931506849314,1,A,3116,73
404,Guinea-Bissau,1984,Vieira,1984-11-14,1999-05-07,1984.8712328767124,1999.345205479452,2,A,5287,45
404,Guinea-Bissau,2009,Raimundo Perreira,2009-03-02,2009-09-08,2009.164383561644,2009.6849315068494,1,B,190,53
411,Equatorial Guinea,1973,Macias Nguema,1973-10-12,1979-08-03,1973.7780821917809,1979.5863013698631,2,A,2121,49
411,Equatorial Guinea,1995,Nguema Mbasogo,1995-08-03,2024-07-29,1995.5863013698631,2024.5753424657535,1,A,10588,53
420,Gambia,1994,Jammeh,1994-07-22,2017-01-19,1994.5534246575342,2017.0493150684931,1,B,8217,52
432,Mali,1981,Traore,1981-11-19,1991-03-26,1981.8821917808218,1991.2301369863014,2,A,3414,45
432,Mali,1991,Amadou Toure,1991-03-26,1992-06-06,1991.2301369863014,1992.4301369863015,1,B,438,43
432,Mali,2021,Assimi Goita,2021-05-24,2024-07-29,2021.3917808219178,2024.5753424657535,1,B,1162,41
434,Benin,1964,Apithy,1964-01-19,1965-11-29,1964.0493150684931,1965.9095890410958,2,B,680,51
434,Benin,1965,Soglo,1965-12-22,1967-12-17,1965.972602739726,1967.958904109589,2,B,725,53
434,Benin,1968,Zinsou,1968-08-01,1969-12-10,1968.5835616438355,1969.9397260273972,2,B,496,50
434,Benin,1970,Maga,1970-05-07,1972-04-07,1970.345205479452,1972.2657534246575,1,B,701,54
434,Benin,1984,Kerekou,1984-10-27,1991-04-04,1984.8219178082193,1991.2547945205479,1,A,2350,51
435,Mauritania,1980,Ould Haidalla,1980-01-04,1984-12-12,1980.0082191780823,1984.9479452054795,2,B,1804,40
435,Mauritania,1984,Sidi Ahmed Taya,1984-12-12,2005-08-03,1984.9479452054795,2005.5863013698631,2,B,7539,43
435,Mauritania,2005,Ould Mohamed Vall,2005-08-03,2007-04-19,2005.5863013698631,2007.295890410959,1,B,624,52
435,Mauritania,2008,Ould Abdel Aziz,2008-08-06,2009-04-15,2008.5972602739726,2009.2849315068493,1,B,252,52
436,Niger,1974,Kountche,1974-04-17,1987-11-10,1974.2904109589042,1987.8575342465754,1,B,4955,43
436,Niger,1996,Mainassara,1996-01-27,1999-04-11,1996.0712328767124,1999.2739726027398,2,B,1170,47
436,Niger,1999,Wanke,1999-04-11,1999-12-22,1999.2739726027398,1999.972602739726,1,B,255,45
436,Niger,2010,Djibo,2010-02-08,2011-04-07,2010.1041095890412,2011.2630136986302,1,B,423,45
436,Niger,2023,Abdourahamane Tchiani,2023-07-26,2024-07-29,2023.5643835616438,2024.5753424657535,1,B,369,63
437,Ivory Coast,1999,Guei,1999-12-25,2000-10-25,1999.9808219178083,2000.8164383561643,2,B,305,58
437,Ivory Coast,2008,Laurent Gbagbo,2008-10-26,2011-04-11,2008.8191780821917,2011.2739726027398,2,A,897,63
438,Guinea,1995,Conte,1995-04-03,2008-12-22,1995.2520547945205,2008.9753424657533,1,A,5012,61
438,Guinea,2009,Sekouba Konate,2009-12-05,2010-12-21,2009.9260273972602,2010.9698630136986,1,B,381,43
438,Guinea,2020,Conde,2020-12-21,2021-09-05,2020.972602739726,2021.676712328767,2,A,258,82
438,Guinea,2021,Mamady Doumbouya,2021-09-05,2024-07-29,2021.676712328767,2024.5753424657535,1,B,1058,41
439,Burkina Faso,1974,Lamizana,1974-02-08,1980-11-25,1974.1041095890412,1980.9013698630138,2,B,2482,58
439,Burkina Faso,1980,Zerbo,1980-11-25,1982-11-07,1980.9013698630138,1982.849315068493,2,B,712,48
439,Burkina Faso,1983,Sankara,1983-08-04,1987-10-15,1983.5890410958905,1987.786301369863,2,B,1533,34
439,Burkina Faso,2022,Paul-Henri Sandaogo Damiba,2022-01-30,2022-09-30,2022.0794520547945,2022.7452054794521,2,B,243,41
439,Burkina Faso,2022,Ibrahim Traore,2022-09-30,2024-07-29,2022.7452054794521,2024.5753424657535,1,B,668,34
450,Liberia,1949,Tubman,1949-01-01,1971-07-23,1949,1971.5561643835617,1,A,8238,54
450,Liberia,1980,Doe,1980-04-12,1990-09-09,1980.2794520547945,1990.6876712328767,2,B,3802,29
451,Sierra Leone,1978,Stevens,1978-04-19,1985-11-28,1978.295890410959,1985.9068493150685,1,A,2780,73
451,Sierra Leone,1992,Strasser,1992-05-01,1996-01-17,1992.331506849315,1996.0438356164384,2,B,1356,27
451,Sierra Leone,1997,Koroma,1997-05-25,1998-02-12,1997.3945205479451,1998.1150684931506,2,B,263,37
452,Ghana,1964,Nkrumah,1964-03-21,1966-02-24,1964.2191780821918,1966.1479452054793,2,A,705,55
452,Ghana,1966,Ankrah,1966-02-24,1969-04-03,1966.1479452054793,1969.2520547945205,1,B,1134,51
452,Ghana,1972,Acheampong,1972-01-13,1978-07-05,1972.0328767123287,1978.5068493150684,2,B,2365,41
452,Ghana,1979,Limann,1979-09-24,1981-12-31,1979.7287671232878,1981.9972602739726,2,B,829,45
452,Ghana,1981,Rawlings,1981-12-31,2001-01-07,1981.9972602739726,2001.0164383561644,1,B,6947,34
461,Togo,1963,Grunitzky,1963-01-16,1967-01-13,1963.041095890411,1967.0328767123287,2,B,1458,50
461,Togo,1979,Eyadema,1979-04-14,2005-02-05,1979.282191780822,2005.0958904109589,1,A,9429,42
471,Cameroon,1983,Biya,1983-11-06,2024-07-29,1983.8465753424657,2024.5753424657535,1,A,14876,50
475,Nigeria,1966,Gowon,1966-07-29,1975-07-29,1966.572602739726,1975.572602739726,2,B,3287,32
475,Nigeria,1976,Obasanjo,1976-02-13,1979-10-01,1976.1178082191782,1979.7479452054795,1,B,1326,39
475,Nigeria,1983,Buhari,1983-12-31,1985-08-27,1983.9972602739726,1985.6520547945206,2,B,605,41
475,Nigeria,1985,Babangida,1985-08-27,1993-08-26,1985.6520547945206,1993.6493150684933,1,B,2921,44
481,Gabon,2002,Bongo,2002-11-28,2009-06-08,2002.9068493150685,2009.4328767123288,1,A,2384,67
481,Gabon,2023,Brice Oligui,2023-08-30,2024-07-29,2023.6602739726027,2024.5753424657535,1,B,334,49
482,Central African Republic,1977,Bokassa,1977-01-01,1979-09-21,1977,1979.7205479452055,2,A,993,56
482,Central African Republic,1981,Kolingba,1981-09-01,1993-10-22,1981.6657534246576,1993.805479452055,1,B,4434,46
483,Chad,1963,Tombalbaye,1963-08-11,1975-04-13,1963.6082191780822,1975.2794520547945,2,A,4263,45
483,Chad,1975,Malloum,1975-04-15,1979-03-23,1975.2849315068493,1979.2219178082191,2,B,1438,43
483,Chad,2008,Deby,2008-12-02,2021-04-20,2008.9205479452055,2021.2986301369863,2,A,4522,56
483,Chad,2021,Mahamat Déby,2021-04-20,2024-07-29,2021.2986301369863,2024.5753424657535,1,B,1196,37
484,Congo,1970,Ngouabi,1970-01-01,1977-03-18,1970,1977.2082191780821,2,A,2633,32
484,Congo,1977,Opango,1977-03-18,1979-02-05,1977.2082191780821,1979.0958904109589,2,B,689,38
484,Congo,2015,Nguesso,2015-10-15,2024-07-29,2015.786301369863,2024.5753424657535,1,A,3210,72
490,Democratic Republic of the Congo,1970,Mobutu,1970-11-25,1997-05-16,1970.8986301369864,1997.3698630136987,2,A,9669,40
490,Democratic Republic of the Congo,2016,Joseph Kabila,2016-01-17,2019-01-24,2016.0438356164384,2019.0630136986301,1,A,1103,45
500,Uganda,1976,Amin,1976-01-25,1979-04-11,1976.0657534246575,1979.2739726027398,2,A,1172,51
500,Uganda,1980,Obote,1980-12-17,1985-07-27,1980.9616438356165,1985.5671232876712,2,B,1683,56
500,Uganda,1986,Museveni,1986-01-29,2024-07-29,1986.0767123287671,2024.5753424657535,1,A,14061,42
516,Burundi,1966,Micombero,1966-11-28,1976-11-01,1966.9068493150685,1976.835616438356,2,B,3626,26
516,Burundi,1976,Bagaza,1976-11-09,1987-09-03,1976.8575342465754,1987.6712328767123,2,B,3950,30
516,Burundi,1987,Buyoya,1987-09-03,1993-07-10,1987.6712328767123,1993.5205479452054,1,B,2137,38
516,Burundi,1996,Buyoya,1996-07-25,2003-04-30,1996.5643835616438,2003.3260273972603,1,B,2470,47
516,Burundi,2015,Nkurunziza,2015-08-26,2020-06-08,2015.6493150684933,2020.4356164383562,1,A,1748,52
517,Rwanda,1978,Habyarimana,1978-07-05,1994-04-06,1978.5068493150684,1994.2602739726028,2,A,5754,41
517,Rwanda,2003,Paul Kagame,2003-07-19,2024-07-29,2003.545205479452,2024.5753424657535,1,A,7681,46
520,Somalia,1984,Siad Barre,1984-10-21,1991-01-26,1984.805479452055,1991.0684931506848,2,A,2288,72
522,Djibouti,1982,Gouled Aptidon,1982-06-27,1999-05-08,1982.4849315068493,1999.3479452054794,1,A,6159,66
522,Djibouti,2010,Guelleh,2010-05-08,2024-07-29,2010.3479452054794,2024.5753424657535,1,A,5196,63
530,Ethiopia,1974,Banti,1974-11-28,1977-02-03,1974.9068493150685,1977.0904109589042,2,B,798,53
530,Ethiopia,1977,Mengistu Marriam,1977-02-11,1991-05-21,1977.1123287671232,1991.3835616438357,2,B,5212,40
531,Eritrea,2003,Afeworki,2003-05-24,2024-07-29,2003.3917808219178,2024.5753424657535,1,A,7737,57
540,Angola,1992,Dos Santos,1992-09-10,2017-09-25,1992.6931506849314,2017.731506849315,1,A,9146,50
552,Zimbabwe,1987,Mugabe,1987-03-04,2017-11-24,1987.1698630136987,2017.8958904109588,2,A,11223,63
552,Zimbabwe,2017,Mnangagwa,2017-11-24,2024-07-29,2017.8958904109588,2024.5753424657535,1,B,2439,75
553,Malawi,1971,Banda,1971-07-06,1994-05-21,1971.509589041096,1994.3835616438357,1,A,8355,65
565,Namibia,1998,Nujoma,1998-03-21,2005-03-21,1998.2164383561644,2005.2164383561644,1,A,2557,69
570,Lesotho,1986,Lekhanya,1986-01-24,1991-05-02,1986.0630136986301,1991.331506849315,2,B,1924,48
570,Lesotho,1991,Ramaema,1991-05-02,1993-04-02,1991.331506849315,1993.2493150684932,1,B,701,58
572,Eswatini,1983,Ntombe Thwala,1983-08-10,1986-04-25,1983.6054794520549,1986.3123287671233,1,B,989,33
580,Madagascar,2002,Marc Ravalomanana,2002-07-06,2009-03-17,2002.509589041096,2009.2054794520548,2,B,2446,53
580,Madagascar,2009,Rajoelina,2009-03-17,2014-01-25,2009.2054794520548,2014.0657534246575,1,B,1775,35
581,Comoros,1978,Bob Denard,1978-05-13,1989-12-18,1978.3616438356164,1989.9616438356165,2,B,4237,49
581,Comoros,2010,Sambi,2010-05-26,2011-05-26,2010.3972602739725,2011.3972602739725,1,A,365,52
581,Comoros,2019,Azali Assoumani,2019-05-26,2024-07-29,2019.3972602739725,2024.5753424657535,1,A,1891,60
615,Algeria,1965,Boumedienne,1965-06-19,1978-12-27,1965.4630136986302,1978.986301369863,1,B,4939,38
615,Algeria,2008,Bouteflika,2008-04-27,2019-04-02,2008.3205479452056,2019.2493150684932,2,A,3992,71
616,Tunisia,1975,Ben Ali Bourguiba,1975-07-25,1987-11-07,1975.5616438356165,1987.849315068493,2,A,4488,72
616,Tunisia,2002,Zine Al-Abidine Ben Ali,2002-11-07,2011-01-14,2002.849315068493,2011.035616438356,2,A,2990,66
620,Libya,1969,Qaddafi,1969-09-01,2011-08-23,1969.6657534246576,2011.641095890411,2,B,15331,27
625,Sudan,1958,Abboud,1958-11-18,1964-11-01,1958.8794520547945,1964.835616438356,2,B,2175,58
625,Sudan,1969,Nimeiri,1969-05-25,1971-07-19,1969.3945205479451,1971.545205479452,2,B,785,39
625,Sudan,1971,Nimeiri,1971-07-22,1985-04-06,1971.5534246575342,1985.2602739726028,2,B,5007,41
625,Sudan,1985,Abdul Rahman Swaredahab,1985-04-06,1986-05-06,1985.2602739726028,1986.3424657534247,1,B,395,51
625,Sudan,2005,Al-Bashir,2005-06-30,2019-04-11,2005.4931506849316,2019.2739726027398,2,A,5033,61
625,Sudan,2019,Abdel Fattah al-Burhan,2019-04-11,2024-07-29,2019.2739726027398,2024.5753424657535,1,B,1936,59
630,Iran,1951,Mohammad Mossadeg,1951-04-30,1953-08-19,1951.3260273972603,1953.6301369863013,2,B,842,69
630,Iran,1953,Mohammad Reza,1953-08-19,1979-01-16,1953.6301369863013,1979.041095890411,2,B,9281,34
640,Turkey,1960,Gursel,1960-05-27,1961-11-10,1960.4027397260274,1961.8575342465754,1,B,532,65
640,Turkey,1971,Erim,1971-03-19,1972-04-17,1971.2109589041097,1972.2931506849316,1,B,395,59
640,Turkey,1980,Evren,1980-09-20,1983-11-23,1980.7205479452055,1983.8931506849315,1,B,1159,63
640,Turkey,1997,Yilmaz,1997-06-30,1999-01-11,1997.4931506849316,1999.027397260274,1,B,560,50
640,Turkey,2017,Erdogan,2017-03-14,2024-07-29,2017.1972602739727,2024.5753424657535,1,A,2694,63
645,Iraq,1958,Karrim Kassem,1958-07-14,1963-02-08,1958.531506849315,1963.1041095890412,2,B,1670,44
645,Iraq,1963,Salem Aref,1963-02-08,1966-04-13,1963.1041095890412,1966.2794520547945,1,B,1160,42
645,Iraq,1968,Hassan Al-Bakr,1968-07-17,1979-07-16,1968.5424657534247,1979.5369863013698,1,B,4016,54
651,Egypt,1952,Naguib,1952-07-23,1954-11-14,1952.558904109589,1954.868493150685,1,B,844,51
652,Syria,1947,Kuwatli,1947-08-17,1949-03-30,1947.6246575342466,1949.2410958904109,2,A,591,56
652,Syria,1949,Shishakli,1949-12-19,1954-02-28,1949.964383561644,1954.158904109589,2,B,1532,40
652,Syria,1954,"Atassi, H.",1954-02-28,1955-09-06,1954.158904109589,1955.6794520547944,1,B,555,79
652,Syria,1962,El-Kudsi,1962-04-13,1963-03-08,1962.2794520547945,1963.1808219178083,2,B,329,56
652,Syria,1963,Al-Hafiz,1963-07-27,1966-02-25,1963.5671232876712,1966.150684931507,2,B,944,52
652,Syria,1966,"El-Atassi, N.",1966-02-25,1970-11-13,1966.150684931507,1970.8657534246574,2,B,1722,37
652,Syria,1971,Al-Assad H.,1971-02-22,2000-06-10,1971.1424657534246,2000.441095890411,1,B,10701,41
660,Lebanon,1948,EL Khoury,1948-11-22,1952-09-18,1948.8931506849315,1952.7150684931507,1,A,1396,58
660,Lebanon,1995,Elias Hrawi,1995-11-23,1998-11-24,1995.8931506849315,1998.8958904109588,1,A,1097,65
660,Lebanon,2004,Emile Lahoud,2004-11-24,2007-11-23,2004.8986301369864,2007.8931506849315,1,A,1094,68
678,Yemen,1967,Al-Iryani,1967-11-05,1974-06-13,1967.8438356164384,1974.4465753424658,2,B,2412,50
678,Yemen,1974,Al-Hamadi,1974-06-13,1977-10-11,1974.4465753424658,1977.7753424657535,2,B,1216,31
678,Yemen,1978,Saleh al-Hashidi,1978-07-17,2012-02-27,1978.5397260273974,2012.1561643835616,1,A,12278,36
680,Yemen,1969,Ali Rubayyi,1969-06-24,1978-06-26,1969.4767123287672,1978.482191780822,2,B,3289,35
680,Yemen,1986,Attas,1986-01-24,1990-05-22,1986.0630136986301,1990.386301369863,1,B,1579,47
694,Qatar,1995,Hamad ibn Khalifah Al Thani,1995-06-27,2013-06-25,1995.4849315068493,2013.4794520547946,1,B,6573,43
700,Afghanistan,1953,Sardar Mohammad Daud Khan,1953-09-07,1963-03-10,1953.682191780822,1963.186301369863,1,B,3471,44
700,Afghanistan,1978,Taraki,1978-04-30,1979-03-27,1978.3260273972603,1979.2328767123288,2,B,331,61
700,Afghanistan,1979,Amin,1979-03-27,1979-12-27,1979.2328767123288,1979.986301369863,2,B,275,50
701,Turkmenistan,1999,Niyazov,1999-10-27,2006-12-21,1999.8191780821917,2006.9698630136986,1,A,2612,59
702,Tajikistan,2003,Rakhmonov,2003-11-20,2024-07-29,2003.8849315068494,2024.5753424657535,1,A,7557,51
703,Kyrgyzstan,2000,Akayev,2000-10-27,2005-03-25,2000.8219178082193,2005.227397260274,2,A,1610,56
704,Uzbekistan,2002,Karimov,2002-03-24,2016-09-02,2002.2246575342465,2016.6712328767123,1,A,5276,64
705,Kazakhstan,2007,Nazarbayev,2007-04-24,2019-03-20,2007.309589041096,2019.213698630137,2,A,4348,67
710,China,2022,Xi Jinping,2022-11-15,2024-07-29,2022.8712328767124,2024.5753424657535,1,A,622,69
713,Taiwan,1950,Chiang Kai-shek,1950-03-01,1975-04-05,1950.1616438356164,1975.2575342465752,1,B,9166,64
732,South Korea,1954,Rhee,1954-08-15,1960-04-27,1954.6191780821919,1960.3205479452056,2,A,2082,79
732,South Korea,1972,Hee Park,1972-07-03,1979-10-26,1972.504109589041,1979.8164383561643,2,A,2671,55
732,South Korea,1979,Choi Kuy Hay,1979-10-26,1980-08-16,1979.8164383561643,1980.6246575342466,1,B,295,60
770,Pakistan,1958,Ayub Khan,1958-10-07,1969-03-25,1958.7643835616439,1969.227397260274,2,B,3822,51
770,Pakistan,1971,Bhutto,1971-12-20,1977-07-05,1971.9671232876713,1977.5068493150684,2,B,2024,43
770,Pakistan,1977,Zia,1977-07-05,1988-08-17,1977.5068493150684,1988.627397260274,2,B,4061,53
770,Pakistan,1999,Musharraf,1999-10-14,2008-08-18,1999.7835616438356,2008.6301369863013,1,B,3231,56
771,Bangladesh,1975,Ziaur Rahman,1975-11-06,1981-05-30,1975.8465753424657,1981.4082191780822,2,B,2032,39
771,Bangladesh,1981,Sattar,1981-05-30,1982-03-20,1981.4082191780822,1982.213698630137,2,B,294,75
771,Bangladesh,1982,Ershad,1982-03-27,1990-12-06,1982.2328767123288,1990.9287671232876,2,B,3176,52
775,Myanmar,1962,Ne Win,1962-03-02,1988-07-25,1962.164383561644,1988.5643835616438,1,B,9642,51
775,Myanmar,2021,Myint Swe,2021-02-01,2024-07-29,2021.0849315068492,2024.5753424657535,1,B,1274,70
790,Nepal,1951,Tribhuvan,1951-02-18,1955-03-13,1951.131506849315,1955.194520547945,1,B,1484,45
800,Thailand,1947,Plaek Pibulsongkram,1947-11-08,1957-09-16,1947.8520547945207,1957.7068493150684,2,B,3600,50
800,Thailand,1957,Thanon Kittakachorn,1957-12-27,1958-10-20,1957.986301369863,1958.8,1,B,297,46
800,Thailand,1977,Kriangsak,1977-11-12,1980-02-29,1977.86301369863,1980.1616438356164,1,B,839,60
800,Thailand,1991,Panyarachun,1991-03-07,1992-04-04,1991.1780821917807,1992.2575342465752,1,B,394,59
800,Thailand,2006,Chulanont,2006-09-19,2008-01-29,2006.7150684931507,2008.0767123287671,1,B,497,63
811,Cambodia,1970,Lon Nol,1970-03-18,1975-04-10,1970.2082191780821,1975.2712328767122,2,B,1849,57
811,Cambodia,1997,Hun Sen,1997-07-06,2023-08-22,1997.509589041096,2023.6383561643836,1,B,9543,45
812,Laos,1960,Boun Oum,1960-12-13,1962-06-22,1960.9506849315069,1962.4712328767123,1,B,556,48
812,Laos,1964,Souvanna Phouma,1964-04-20,1975-12-02,1964.3013698630136,1975.9178082191781,2,B,4243,63
817,NA,1964,Khanh,1964-01-30,1964-11-04,1964.0794520547945,1964.8438356164384,2,B,279,37
840,Philippines,1976,Marcos,1976-12-30,1986-02-25,1976.9972602739726,1986.150684931507,2,A,3344,59
850,Indonesia,1963,Sukarno,1963-12-27,1966-03-12,1963.986301369863,1966.1917808219177,2,A,806,62
850,Indonesia,1966,Suharto,1966-03-12,1998-05-21,1966.1917808219177,1998.3835616438357,1,B,11758,45
940,Solomon Islands,1994,Mamaloni,1994-10-31,1997-08-27,1994.8301369863013,1997.6520547945206,1,B,1031,51
