ccode,country,year,leader,startdate,enddate,tstart,tstop,status,group,survival_days,age,regime,regime_autocoup,regime_three,regime_type,violence,GDP_pc,GDP_trend,pop_log,polity5,diff1,diff2,diff3,diff4,diff5,cold_war,survival_year
40,Cuba,1952,Batista,1952-03-10,-4018,1952.1890410958904,1959,1,B,2488,51,presidential,presidential,presidential,presidential,0,3.579,1.0250902216875752,6.4558241537811325,3,0,0,-12,-12,-12,1,6.816438356164384
41,Haiti,1950,Magloire,1950-05-10,-4768,1950.3534246575343,1956.9479452054795,1,B,2408,43,presidential,presidential,presidential,presidential,0,2.242,0.9897580787568426,5.800264694625766,-5,0,0,0,0,0,1,6.597260273972603
41,Haiti,1986,Namphy,1986-02-07,6611,1986.1013698630136,1988.1013698630136,0,B,730,54,personal,personal,personal,personal,0,1.88,0.9700722394220846,6.500409403338994,-8,0,0,0,0,1,1,2
41,Haiti,1988,Avril,1988-09-17,7373,1988.7123287671234,1990.186301369863,1,B,539,50,other,military,other,provisional military,0,1.821,0.9701651571656899,6.538565203613684,-8,0,0,1,1,1,1,1.4767123287671233
41,Haiti,1991,Cedras,1991-09-30,9052,1991.7452054794521,1994.7835616438356,1,B,1110,42,other,other,other,provisional,1,1.791,0.9899403051072297,6.605315512133124,-7,0,0,13,13,14,0,3.041095890410959
41,Haiti,1964,"Duvalier, Francois",1964-10-15,476,1964.7890410958903,1971.304109589041,0,A,2380,54,personal,personal,personal,personal,0,1.703,0.9531005148869488,6.050678763004724,-7,0,0,0,0,0,1,6.52054794520548
42,Dominican Republic,1952,Rafel Trujillo,1952-08-16,-3138,1952.6246575342466,1961.4082191780822,1,A,3209,61,personal,personal,personal,personal,0,2.145,1.0294682280668075,5.597080318660593,-9,0,0,0,0,0,1,8.791780821917808
42,Dominican Republic,2015,Medina,2015-08-16,18490,2015.6219178082192,2020.6246575342466,0,A,1827,64,presidential,presidential,presidential,presidential,0,13.393,1.0951477586799025,6.996554307170805,8,-1,-1,-1,NA,NA,0,5.005479452054795
90,Guatemala,1963,Peralta Azurdia,1963-03-31,-1280,1963.2438356164384,1966.495890410959,0,B,1188,55,personal,personal,personal,personal,0,2.995,1.040580918629699,6.183594097893021,-5,0,0,8,8,8,1,3.254794520547945
90,Guatemala,1982,Rios Montt,1982-03-23,4967,1982.2219178082191,1983.6,1,B,503,56,military,military,other,military,5,4.605,0.9680063903136299,6.640393346952338,-7,0,1,1,10,10,1,1.378082191780822
90,Guatemala,1983,Mejia Victores,1983-08-08,5857,1983.6,1986.035616438356,0,B,890,53,military,military,other,military,5,4.463,0.9482831888492266,6.665465859658146,-7,1,1,10,10,10,1,2.4383561643835616
91,Honduras,1956,Hector Caraccioli,1956-10-21,-4394,1956.805479452055,1957.9698630136986,0,B,426,34,personal,personal,personal,personal,0,2.283,0.9977274713748798,5.210534783164279,-1,0,0,0,0,0,1,1.167123287671233
91,Honduras,1963,Lopez Arellano,1963-10-03,521,1963.7534246575342,1971.427397260274,0,B,2803,42,presidential,presidential,presidential,presidential,0,2.358,1.0162041027409068,5.443127415331704,-1,0,0,0,0,0,1,7.67945205479452
91,Honduras,1972,Lopez Arellano,1972-12-04,1937,1972.9260273972602,1975.304109589041,1,B,869,51,presidential,presidential,presidential,presidential,1,2.647,1.015888854774332,5.72666532052494,-1,0,0,0,0,0,1,2.3808219178082193
91,Honduras,1975,Castro,1975-04-22,3140,1975.304109589041,1978.5972602739726,1,B,1203,37,military,military,other,military,1,2.83,1.042587680518715,5.773296099416516,-1,0,0,0,0,0,1,3.2958904109589042
91,Honduras,1978,Paz Garcia,1978-08-07,4409,1978.5972602739726,1982.0712328767124,0,B,1269,47,military,military,other,military,1,3.34,1.1004217185028993,5.879331147162727,-1,0,0,0,7,7,1,3.4767123287671233
91,Honduras,2009,Micheletti,2009-06-28,14636,2009.4876712328767,2010.0712328767124,0,B,213,61,presidential,presidential,presidential,presidential,0,4.051,1.0146778879871756,6.744149877134028,7,0,0,0,0,0,0,0.5835616438356165
91,Honduras,2015,Hernández,2015-01-27,19019,2015.0712328767124,2022.0712328767124,0,A,2557,47,presidential,presidential,presidential,presidential,0,4.495,1.042536413396419,6.860632224412953,7,0,0,0,NA,NA,0,7.005479452054795
92,El Salvador,1961,Portillo,1961-01-25,-2898,1961.0657534246575,1962.0657534246575,0,B,365,47,military,military,other,military,0,1.482,0.9958338932939121,5.606636277068944,-3,0,0,0,0,0,1,1
92,El Salvador,1979,Majano Ramos,1979-10-15,3993,1979.786301369863,1980.9342465753425,1,B,419,41,dominant-party,dominant-party,other,party-military,6,2.271,0.9937861018729213,6.107615139943218,-6,0,0,0,0,12,1,1.1479452054794521
93,Nicaragua,1955,Anastasio Somoza Garcia,1955-01-01,-4842,1955,1956.7452054794521,1,A,637,59,personal,personal,personal,personal,0,4.016,1.0741414357547876,5.049881647946452,-8,0,0,0,0,0,1,1.7452054794520548
93,Nicaragua,1972,Anastasio Somoza Debayle,1972-05-01,3484,1972.331506849315,1979.5397260273974,1,A,2633,46,personal,personal,personal,personal,0,5.803,1.0097090757238307,5.583424877659128,-8,0,0,0,0,0,1,7.213698630136986
93,Nicaragua,2014,Daniel Ortega,2014-01-10,20220,2014.0246575342467,2025.358904109589,0,A,4140,64,presidential,presidential,presidential,presidential,0,4.588,1.0728148529205443,6.473514082232203,9,0,-3,-3,-3,NA,0,11.342465753424657
95,Panama,1951,"Arosomena, A.",1951-05-10,-6301,1951.3534246575343,1952.7506849315068,0,B,510,68,personal,personal,personal,personal,0,2.441,0.9198824238769973,4.563045259687421,-1,0,0,0,5,5,1,1.3972602739726028
95,Panama,1968,Torrijos Herrera,1968-10-12,4229,1968.7808219178082,1981.5780821917808,0,B,4675,39,presidential,presidential,presidential,presidential,0,4.701,1.1056493720306693,5.029169142977198,-7,0,0,0,0,0,1,12.808219178082192
100,Colombia,1953,Rojas Pinillia,1953-06-13,-4619,1953.4465753424658,1957.3534246575343,1,B,1427,53,dominant-party,dominant-party,other,party-based,5,3.747,1.0472330911123533,7.219388713756421,-5,0,0,0,12,12,1,3.9095890410958902
100,Colombia,1957,Paris,1957-05-10,-4165,1957.3534246575343,1958.5972602739726,0,B,454,47,military,semi-personal,personal,military personal,5,3.853,1.0017679787842546,7.344707426175091,7,0,0,0,0,0,1,1.2438356164383562
100,Colombia,2005,Alvaro Uribe Velez,2005-08-08,14828,2005.6,2010.5972602739726,0,A,1825,52,presidential,presidential,presidential,presidential,4,9.315,1.0620467916267615,8.401387200119071,7,0,0,0,0,0,0,5
101,Venezuela,2009,Hugo Chavez,2009-02-02,15404,2009.0876712328768,2012.1753424657534,0,A,1127,45,personal,personal,personal,personal,0,13.481,1.0662311367015722,7.9899617247443215,-3,0,0,0,7,7,0,3.0876712328767124
115,Suriname,1980,Bouterse,1980-08-13,6598,1980.6164383561643,1988.0657534246575,0,B,2721,34,dominant-party,dominant-party,other,party-based,0,7.736,1.0063482152149026,3.636453940060165,-1,0,-5,-5,-5,-5,1,7.454794520547945
130,Ecuador,1961,Arosemena Monroy,1961-11-07,-2366,1961.849315068493,1963.5232876712328,1,B,611,42,parliamentary,parliamentary,other,parliamentary,0,4.002,1.0382400249053079,6.210828966490111,1,0,-7,-7,-7,-7,1,1.673972602739726
130,Ecuador,1963,Castro,1963-07-11,-1374,1963.5232876712328,1966.2383561643835,1,B,992,48,parliamentary,parliamentary,other,parliamentary,0,4.098,1.0276342845679323,6.266788699037114,-6,0,0,0,0,11,1,2.717808219178082
130,Ecuador,1966,Yerovi Indaburu,1966-03-29,-1142,1966.2383561643835,1966.8739726027397,0,B,232,62,military,military,other,military,0,4.289,1.0270102006608879,6.356223973375753,-6,0,11,11,6,6,1,0.6356164383561644
130,Ecuador,1972,Rodriguez Lara,1972-02-15,2201,1972.123287671233,1976.027397260274,1,B,1426,49,personal,personal,personal,personal,0,4.991,1.0602906186267844,6.5220854452019426,-5,0,0,0,0,0,1,3.9068493150684933
130,Ecuador,1976,Poveda Burbano,1976-01-11,3508,1976.027397260274,1979.6054794520549,0,B,1307,50,military,military,other,military,0,6.385,1.1219469337550518,6.650009930877853,-5,0,0,14,14,14,1,3.580821917808219
130,Ecuador,2015,Rafael Correa,2015-01-15,17310,2015.0383561643835,2017.3917808219178,0,A,860,45,presidential,presidential,presidential,presidential,0,10.259,1.0241793786438784,7.447549628015872,5,0,0,0,NA,NA,0,2.356164383561644
135,Peru,1962,Perez Godoy,1962-07-19,-2496,1962.545205479452,1963.1671232876713,1,B,227,57,presidential,presidential,presidential,presidential,0,3.916,1.0926949048496009,7.0156468887170895,-6,11,11,11,11,11,1,0.6219178082191781
135,Peru,1968,Velasco Alvarado,1968-10-03,2066,1968.7561643835616,1975.6575342465753,1,B,2521,58,presidential,presidential,presidential,presidential,0,4.58,1.0266296063839326,7.18565591881664,-7,0,0,0,0,0,1,6.906849315068493
135,Peru,1975,Morales Bermudez,1975-08-30,3861,1975.6602739726027,1980.572602739726,0,B,1794,54,military,military,other,military,0,5.261,1.0421536389208035,7.380846013212031,-7,0,0,0,0,14,1,4.9150684931506845
135,Peru,1995,Fujimori,1995-07-28,11283,1995.5698630136985,2000.8931506849315,0,A,1944,55,personal,personal,personal,personal,4,5.015,1.1175238434798112,7.847208868602283,-1,0,0,0,0,0,0,5.326027397260274
140,Brazil,1999,Cardoso,1999-01-01,12053,1999,2003,0,A,1461,66,presidential,presidential,presidential,presidential,0,8.773,0.9948291111967885,9.818905984803974,8,0,0,0,0,0,0,4.002739726027397
145,Bolivia,1951,Ballivian Rojas,1951-05-16,-6474,1951.3698630136987,1952.2767123287672,1,B,331,49,other,other,other,oligarchy,0,2.368,0.9999155476733385,5.726877063118405,-5,9,9,9,9,9,1,0.9068493150684932
145,Bolivia,1964,Barrientos Ortuna,1964-11-06,-1457,1964.849315068493,1966.0109589041097,0,B,425,45,dominant-party,dominant-party,other,party-based,0,2.092,1.0603142422706537,6.015388571727349,-4,0,0,0,0,0,1,1.1643835616438356
145,Bolivia,1969,Ovando Candia,1969-09-26,278,1969.7342465753425,1970.7616438356165,1,B,375,51,personal,personal,personal,personal,0,2.368,1.0316284743399844,6.1155035290179045,-4,-1,-3,-3,-3,-3,1,1.0273972602739727
145,Bolivia,1970,Torres,1970-10-07,598,1970.7643835616439,1971.6383561643836,1,B,319,49,military,military,other,military,0,2.401,1.0252796993765478,6.139192502470227,-5,-2,-2,-2,-2,-2,1,0.873972602739726
145,Bolivia,1971,Banzer Suarez,1971-08-22,3123,1971.6383561643836,1978.5506849315068,1,B,2525,45,military,military,other,military,0,2.467,1.0358582465569364,6.160261727082049,-7,0,0,0,0,0,1,6.917808219178082
145,Bolivia,1978,Padilla Aranciba,1978-11-24,3506,1978.8958904109588,1979.6,0,B,257,51,military,semi-personal,personal,military personal,0,2.963,1.0249757852497579,6.3121267468543545,-4,0,-3,-3,11,11,1,0.7041095890410959
145,Bolivia,1980,Garcia Meza Tejada,1980-07-18,4233,1980.545205479452,1981.5890410958905,1,B,382,48,other,other,other,provisional,0,2.907,0.9893139123332425,6.357183470693631,-7,0,14,14,14,16,1,1.0465753424657533
145,Bolivia,1981,Torrelio Villa,1981-08-05,4582,1981.5917808219178,1982.545205479452,1,B,348,48,military,military,other,military,0,2.87,0.9803921568627452,6.379776714398192,-7,14,14,14,16,16,1,0.9534246575342465
145,Bolivia,2017,Juan Morales,2017-01-22,18210,2017.0575342465754,2019.8575342465754,1,A,1022,54,presidential,presidential,presidential,presidential,0,5.969,1.0772034938280517,7.083093341175279,7,0,NA,NA,NA,NA,0,2.8
150,Paraguay,1989,Rodriguez Pedotti,1989-02-03,8627,1989.0904109589042,1993.6191780821919,0,B,1654,65,dominant-party,semi-personal,personal,party-personal-military,0,5.023,1.054189053055742,6.088101119591756,2,0,0,5,5,5,1,4.531506849315068
155,Chile,1973,Pinochet,1973-09-11,7374,1973.6931506849314,1990.1890410958904,0,B,6025,58,presidential,presidential,presidential,presidential,2,7.455,0.970298833819242,6.981112612334176,-7,0,0,0,0,0,1,16.506849315068493
160,Argentina,1955,Aramburu,1955-11-13,-4263,1955.8657534246574,1958.3287671232877,0,B,900,52,personal,personal,personal,personal,2,5.668,1.0188747078914253,7.511603376838994,-9,0,0,14,14,14,1,2.4657534246575343
160,Argentina,1962,Guido,1962-03-29,-2273,1962.2383561643835,1963.7780821917809,0,B,562,52,military,military,other,indirect military,0,6.216,1.014558986746752,7.650710676748191,5,1,1,1,-14,-14,1,1.5397260273972602
160,Argentina,1966,Ongania,1966-06-28,158,1966.4876712328767,1970.4328767123288,1,B,1441,52,military,military,other,indirect military,0,6.926,1.0665886411235679,7.713740399453259,-9,0,0,0,0,0,1,3.947945205479452
160,Argentina,1971,Lanusse,1971-03-25,1240,1971.227397260274,1973.3945205479451,0,B,792,53,military,military,other,military,0,8.149,1.067573232720222,7.786400216866505,-9,0,15,15,15,0,1,2.16986301369863
160,Argentina,1976,Videla,1976-03-29,4105,1976.2410958904109,1981.2383561643835,0,B,1826,51,presidential,presidential,presidential,presidential,3,8.616,1.005672666153092,7.859913029735234,-9,0,0,0,0,1,1,5.002739726027397
160,Argentina,1951,Peron,1951-06-04,-5217,1951.4219178082192,1955.717808219178,1,A,1569,54,presidential,presidential,presidential,presidential,0,5.759,0.8198565001993053,7.438017580740087,-9,0,0,0,0,0,1,4.298630136986302
160,Argentina,1993,Menem,1993-07-08,10935,1993.5150684931507,1999.9397260273972,0,A,2346,63,presidential,presidential,presidential,presidential,0,11.285,1.1603635840171098,8.159356143925235,7,0,0,0,0,0,0,6.427397260273972
345,Yugoslavia,1974,Tito,1974-03-06,3776,1974.1753424657534,1980.3397260273973,0,A,2251,82,dominant-party,dominant-party,other,party-based,0,5.619,1.0883629038506237,7.728918734324144,-7,0,0,0,0,0,1,6.167123287671233
350,Greece,1967,Kollias,1967-04-21,-750,1967.3013698630136,1967.9479452054795,1,B,236,66,parliamentary,parliamentary,other,parliamentary,0,8.892,1.1407897775382956,6.8300780214242485,-7,0,0,0,0,0,1,0.6465753424657534
350,Greece,1973,Ionannides,1973-11-25,1665,1973.8986301369864,1974.558904109589,0,B,241,50,military,military,other,military,0,13.594,1.1267115339986076,6.866454002958182,-7,0,15,15,15,15,1,0.6602739726027397
365,Russia,2012,Putin,2012-12-31,20220,2013,2025.358904109589,0,A,4515,56,personal,personal,personal,personal,1,24.512,1.0729700153206392,9.63863365650628,4,0,0,0,0,0,0,12.36986301369863
370,Belarus,2004,Lukashenko,2004-07-20,20220,2004.5506849315068,2025.358904109589,0,A,7601,50,personal,personal,personal,personal,0,11.711,1.1291846652267818,6.941666730608814,-7,0,0,0,0,0,0,20.824657534246576
373,Azerbaijan,2002,H. Aliyev,2002-06-24,12268,2002.4767123287672,2003.5890410958905,0,A,406,79,personal,personal,personal,personal,0,4.188,1.1584421332153132,6.755642022198243,-7,0,0,0,0,0,0,1.1123287671232878
373,Azerbaijan,2016,Ilhma Aliyev,2016-08-04,20220,2016.5917808219178,2025.358904109589,0,A,3203,48,personal,personal,personal,personal,0,14.356,0.9698165211986922,6.927983305979111,-7,0,0,NA,NA,NA,0,8.775342465753425
375,Finland,1973,Kekkonen,1973-03-01,4271,1973.1616438356164,1981.6931506849314,0,A,3116,73,presidential,presidential,presidential,presidential,0,17.912,1.1151370263842715,6.207067741248206,10,0,0,0,0,0,1,8.536986301369863
404,Guinea-Bissau,1980,Vieira,1980-11-14,10718,1980.8712328767124,1999.345205479452,1,B,6748,41,dominant-party,dominant-party,other,party-based,0,1.413,0.9474319431406731,4.432018457514631,-9,0,0,0,1,1,1,18.487671232876714
411,Equatorial Guinea,1979,Nguema Mbasogo,1979-08-03,20220,1979.5863013698631,2025.358904109589,0,B,16719,37,personal,personal,personal,personal,4,2.758,0.9104714115938202,3.2130991720907462,-7,0,0,0,0,0,1,45.8054794520548
411,Equatorial Guinea,1973,Macias Nguema,1973-10-12,3501,1973.7780821917809,1979.5863013698631,1,A,2121,48,personal,personal,personal,personal,4,2.372,1.082215530614107,3.3537213536374537,-7,0,0,0,0,0,1,5.810958904109589
420,Gambia,1994,Jammeh,1994-07-22,17185,1994.5534246575342,2017.0493150684931,0,B,8217,52,dominant-party,dominant-party,other,party-based,0,2.237,0.9715948575399583,4.78735006607971,-7,0,1,2,2,2,0,22.512328767123286
432,Mali,1968,Traore,1968-11-19,7754,1968.8849315068494,1991.2301369863014,1,B,8162,32,dominant-party,dominant-party,other,party-based,0,0.661,1.0238537794299876,6.337717368917542,-7,0,0,0,0,0,1,22.361643835616437
432,Mali,1991,Amadou Toure,1991-03-26,8192,1991.2301369863014,1992.4301369863015,0,B,438,43,personal,personal,personal,personal,1,0.984,1.0950367237925662,6.812253780877633,-7,11,11,11,11,11,0,1.2
432,Mali,2021,Assimi Goita,2021-05-24,20220,2021.3917808219178,2025.358904109589,0,B,1449,41,other,military,other,provisional military,1,0.8225,1.059445251611277,6.574985574897587,-7,NA,NA,NA,NA,NA,0,3.96986301369863
434,Benin,1965,Soglo,1965-12-22,-746,1965.972602739726,1967.958904109589,1,B,725,53,other,military,other,provisional military,0,1.527,1.0468942821883997,5.5904495226734285,-7,0,0,0,0,5,1,1.9863013698630136
434,Benin,1967,Alley,1967-12-17,-518,1967.958904109589,1968.5835616438355,0,B,228,37,military,military,other,military,0,1.571,1.0379228329809724,5.635021719085409,-7,0,0,5,5,0,1,0.6246575342465753
434,Benin,1972,Kerekou,1972-10-27,7763,1972.8219178082193,1991.2547945205479,0,B,6733,39,other,other,other,provisional,0,1.71,1.0339823436933124,5.761101246008566,-7,0,0,0,0,0,1,18.446575342465753
435,Mauritania,1978,Ould Mohamed Salek,1978-07-10,3382,1978.5205479452054,1979.2602739726028,1,B,270,42,personal,personal,personal,personal,3,2.858,0.9735658809102058,5.0900193233503215,-7,0,0,0,0,0,1,0.7397260273972602
435,Mauritania,1980,Ould Haidalla,1980-01-04,5459,1980.0082191780823,1984.9479452054795,1,B,1804,40,personal,personal,personal,personal,0,2.852,0.9752427848447545,5.145154531974287,-7,0,0,0,0,0,1,4.942465753424657
435,Mauritania,1984,Sidi Ahmed Taya,1984-12-12,12998,1984.9479452054795,2005.5863013698631,1,B,7539,43,personal,personal,personal,personal,0,2.579,0.9473954889427669,5.248654321528936,-7,0,0,0,0,0,1,20.654794520547945
435,Mauritania,2005,Ould Mohamed Vall,2005-08-03,13622,2005.5863013698631,2007.295890410959,0,B,624,52,personal,personal,personal,personal,0,3.049,1.0768524404888042,5.7652036418911825,-5,2,9,0,3,3,0,1.7095890410958905
435,Mauritania,2008,Ould Abdel Aziz,2008-08-06,14349,2008.5972602739726,2009.2849315068493,0,B,252,52,presidential,presidential,presidential,presidential,0,3.303,1.0399874055415617,5.845345692311262,-5,3,3,3,3,3,0,0.6904109589041096
436,Niger,1974,Kountche,1974-04-17,6522,1974.2904109589042,1987.8575342465754,0,B,4955,43,dominant-party,dominant-party,other,party-based,0,1.399,0.9006051242435947,6.318796927923806,-7,0,0,0,0,0,1,13.575342465753424
436,Niger,1996,Mainassara,1996-01-27,10692,1996.0712328767124,1999.2739726027398,1,B,1170,47,presidential,presidential,presidential,presidential,1,0.944,0.9618911758712044,6.960601966230025,-3,0,0,8,8,8,0,3.2054794520547945
436,Niger,1999,Wanke,1999-04-11,10947,1999.2739726027398,1999.972602739726,0,B,255,45,personal,personal,personal,personal,0,0.954,1.0012594458438286,7.06542803472598,5,0,0,0,0,1,0,0.6986301369863014
436,Niger,2010,Djibo,2010-02-08,15071,2010.1041095890412,2011.2630136986302,0,B,423,45,presidential,presidential,presidential,presidential,0,0.994,1.0300518134715027,7.461755902778351,3,3,3,3,3,3,0,1.158904109589041
436,Niger,2023,Abdourahamane Tchiani,2023-07-26,20220,2023.5643835616438,2025.358904109589,0,B,656,63,presidential,NA,NA,NA,0,0.974,1.0156556296576658,7.2635919687521655,3,NA,NA,NA,NA,NA,0,1.7972602739726027
437,Ivory Coast,1999,Guei,1999-12-25,11255,1999.9808219178083,2000.8164383561643,1,B,305,58,dominant-party,dominant-party,other,party-based,0,2.613,1.0113011843021906,7.467481346550823,-1,5,5,5,5,5,0,0.8356164383561644
437,Ivory Coast,2008,Laurent Gbagbo,2008-10-26,15075,2008.8191780821917,2011.2739726027398,1,A,897,60,personal,personal,personal,personal,0,2.294,1.0093277015135516,7.677458326013449,4,0,0,0,0,0,0,2.4575342465753423
438,Guinea,1984,Conte,1984-04-03,14235,1984.2547945205479,2008.9753424657533,0,B,9029,50,dominant-party,dominant-party,other,party-based,0,1.845,0.9729986288366207,6.366777960581971,-7,0,0,0,0,0,1,24.736986301369864
438,Guinea,2008,Dadis Camara,2008-12-23,14583,2008.978082191781,2009.9260273972602,1,B,347,44,personal,personal,personal,personal,0,1.876,1.0193436209519668,6.941099141844983,-1,0,2,2,2,5,0,0.9506849315068493
438,Guinea,2021,Mamady Doumbouya,2021-09-05,20220,2021.676712328767,2025.358904109589,0,B,1345,41,personal,NA,NA,NA,0,1.8605,0.9961711248942937,6.653938551213477,-1,NA,NA,NA,NA,NA,0,3.684931506849315
438,Guinea,2020,Conde,2020-12-21,18875,2020.972602739726,2021.676712328767,1,A,258,82,presidential,presidential,presidential,presidential,0,1.876,1.0193436209519668,6.941099141844983,-1,NA,NA,NA,NA,NA,0,0.7068493150684931
439,Burkina Faso,1966,Lamizana,1966-01-03,377,1966.0054794520547,1971.0328767123287,0,B,1836,50,personal,personal,personal,personal,0,1.06,1.0217852323115482,6.2925297890978715,-7,0,0,1,3,3,1,5.03013698630137
439,Burkina Faso,1974,Lamizana,1974-02-08,3981,1974.1041095890412,1980.9013698630138,1,B,2482,58,personal,personal,personal,personal,0,1.104,0.9945945945945945,6.422192836708437,-4,0,0,0,8,8,1,6.8
439,Burkina Faso,1980,Zerbo,1980-11-25,4693,1980.9013698630138,1982.849315068493,1,B,712,48,personal,personal,personal,personal,0,1.195,1.0269852182880717,6.554823321322239,-7,0,0,0,0,0,1,1.9506849315068493
439,Burkina Faso,1982,J. P. Ouedraogo,1982-11-07,4963,1982.849315068493,1983.5890410958905,1,B,270,40,military,military,other,military,0,1.21,1.0091743119266054,6.604301484209884,-7,0,0,0,0,0,1,0.7397260273972602
439,Burkina Faso,1983,Sankara,1983-08-04,6496,1983.5890410958905,1987.786301369863,1,B,1533,34,personal,personal,personal,personal,0,1.185,0.9879939969984993,6.621261833167077,-7,0,0,0,0,0,1,4.2
439,Burkina Faso,1987,Campaore,1987-10-15,16374,1987.786301369863,2014.8301369863013,0,B,9878,36,personal,personal,personal,personal,0,1.274,1.0391517128874388,6.724950805602736,-7,0,0,0,2,2,1,27.063013698630137
439,Burkina Faso,2022,Paul-Henri Sandaogo Damiba,2022-01-30,19265,2022.0794520547945,2022.7452054794521,1,B,243,41,personal,NA,NA,NA,0,1.2295,1.013572854942969,6.673106319384907,-7,NA,NA,NA,NA,NA,0,0.6657534246575343
439,Burkina Faso,2022,Ibrahim Traore,2022-09-30,20220,2022.7452054794521,2025.358904109589,0,B,955,34,personal,NA,NA,NA,0,1.274,1.0391517128874388,6.724950805602736,-7,NA,NA,NA,NA,NA,0,2.6164383561643834
450,Liberia,1980,Doe,1980-04-12,7556,1980.2794520547945,1990.6876712328767,1,B,3802,29,dominant-party,semi-personal,personal,party-personal,0,2.105,0.9215480255669382,5.2945452610952435,-7,0,0,0,1,1,1,10.416438356164383
450,Liberia,1949,Tubman,1949-01-01,568,1949,1971.5561643835617,0,A,8238,54,dominant-party,semi-personal,personal,party-personal,0,1.584,1.0018975332068312,4.509870006133767,-6,0,0,0,0,0,1,22.56986301369863
451,Sierra Leone,1968,Stevens,1968-04-19,5810,1968.2986301369863,1985.9068493150685,0,B,6432,63,military,military,other,military,0,1.444,1.0242587601078168,5.620860904810474,1,0,0,-7,-7,-7,1,17.621917808219177
451,Sierra Leone,1992,Strasser,1992-05-01,9512,1992.331506849315,1996.0438356164384,1,B,1356,27,dominant-party,dominant-party,other,party-based,3,1.412,0.931644233306941,6.116249677447751,-7,0,0,0,11,11,0,3.7150684931506848
451,Sierra Leone,1997,Koroma,1997-05-25,10269,1997.3945205479451,1998.1150684931506,1,B,263,37,presidential,presidential,presidential,presidential,3,1.106,0.8476394849785409,6.095234298170456,4,0,0,0,0,1,0,0.7205479452054795
451,Sierra Leone,1978,Stevens,1978-04-19,5810,1978.295890410959,1985.9068493150685,0,A,2780,66,dominant-party,dominant-party,other,party-based,0,1.558,0.9809847626243546,5.8236522205065855,-7,0,0,0,0,0,1,7.616438356164384
452,Ghana,1966,Ankrah,1966-02-24,-273,1966.1479452054793,1969.2520547945205,0,B,1134,51,dominant-party,semi-personal,personal,party-personal,0,3.141,0.9681893841316812,6.793889809632354,-4,0,0,0,8,8,1,3.106849315068493
452,Ghana,1972,Acheampong,1972-01-13,3107,1972.0328767123287,1978.5068493150684,1,B,2365,41,parliamentary,parliamentary,other,parliamentary,0,3.187,0.9997490432273042,6.9199674064793735,-7,0,0,0,0,0,1,6.47945205479452
452,Ghana,1978,Akuffo,1978-07-05,3441,1978.5068493150684,1979.4219178082192,1,B,334,41,military,military,other,military,0,2.832,0.9677419354838709,7.0696657734208355,-5,10,10,10,-2,-2,1,0.915068493150685
452,Ghana,1981,Rawlings,1981-12-31,11329,1981.9972602739726,2001.0164383561644,0,B,6947,34,presidential,presidential,presidential,presidential,1,2.504,0.9234400354034519,7.1278269167977975,5,-12,-12,-12,-12,-12,1,19.03287671232877
452,Ghana,1964,Nkrumah,1964-03-21,-1407,1964.2191780821918,1966.1479452054793,1,A,705,55,dominant-party,semi-personal,personal,party-personal,0,3.304,1.0116969808316492,6.740840820934357,-9,0,5,5,5,5,1,1.9315068493150684
461,Togo,1963,Grunitzky,1963-01-16,-1084,1963.041095890411,1967.0328767123287,1,B,1458,50,personal,personal,personal,personal,0,1.335,1.0787007110536522,5.153251131251407,-6,0,0,0,-1,-1,1,3.9945205479452053
471,Cameroon,1983,Biya,1983-11-06,20220,1983.8465753424657,2025.358904109589,0,A,15163,75,dominant-party,semi-personal,personal,party-personal,0,2.954,1.133277065909614,6.936816870256152,-7,-2,-2,-2,-2,1,1,41.54246575342466
475,Nigeria,1966,Ironsi,1966-01-15,-1252,1966.0383561643835,1966.572602739726,1,B,195,42,parliamentary,parliamentary,other,parliamentary,9,2.025,0.9812948245784066,8.584699491837078,-7,0,0,0,0,0,1,0.5342465753424658
475,Nigeria,1966,Gowon,1966-07-29,2035,1966.572602739726,1975.572602739726,1,B,3287,32,parliamentary,parliamentary,other,parliamentary,9,2.025,0.9812948245784066,8.584699491837078,-7,0,0,0,0,0,1,9.005479452054795
475,Nigeria,1975,Ramat Mohammed,1975-07-29,2234,1975.572602739726,1976.1178082191782,1,B,199,37,military,military,other,military,0,3.431,1.0919796308084024,8.828452669480331,-7,0,0,0,14,14,1,0.5452054794520548
475,Nigeria,1983,Buhari,1983-12-31,5717,1983.9972602739726,1985.6520547945206,1,B,605,41,presidential,presidential,presidential,presidential,2,2.599,0.8302453360592896,9.039755233199974,7,-14,-14,-14,-14,-14,1,1.6575342465753424
475,Nigeria,1985,Babangida,1985-08-27,8638,1985.6520547945206,1993.6493150684933,0,B,2921,44,military,military,other,military,2,2.389,0.8854707190511489,9.093513703854546,-7,0,0,0,2,2,1,8.002739726027396
475,Nigeria,1993,Abacha,1993-11-17,10385,1993.876712328767,1998.4328767123288,0,B,1664,50,military,military,other,military,2,1.698,0.9377070907886017,9.22140987829898,-7,0,1,1,1,1,0,4.558904109589041
481,Gabon,2023,Brice Oligui,2023-08-30,20220,2023.6602739726027,2025.358904109589,0,B,621,49,dominant-party,NA,NA,NA,0,NA,NA,NA,-4,NA,NA,NA,NA,NA,0,1.7013698630136986
481,Gabon,2002,Bongo,2002-11-28,14403,2002.9068493150685,2009.4328767123288,0,A,2384,61,dominant-party,semi-personal,personal,party-personal,0,10.512,0.9951153016017268,4.9109475467089645,-4,0,0,0,0,0,0,6.531506849315068
482,Central African Republic,1966,Bokassa,1966-01-01,3550,1966,1979.7205479452055,1,B,5011,45,personal,personal,personal,personal,0,1.395,0.9675405742821473,5.175460229384406,-7,0,0,0,0,0,1,13.728767123287671
482,Central African Republic,1981,Kolingba,1981-09-01,8695,1981.6657534246576,1993.805479452055,0,B,4434,46,personal,personal,personal,personal,0,1.249,0.9585571757482734,5.505494124340167,-7,0,0,0,0,0,1,12.147945205479452
482,Central African Republic,2003,Francois Bozize,2003-03-15,15788,2003.2,2013.2246575342465,1,B,3662,50,presidential,presidential,presidential,presidential,1,0.92,0.9529728609902631,6.045355963451793,-1,0,0,0,0,0,0,10.032876712328767
483,Chad,1975,Malloum,1975-04-15,3368,1975.2849315068493,1979.2219178082191,1,B,1438,43,dominant-party,semi-personal,personal,party-personal,4,1.255,1.0440931780366056,6.094391103087683,-7,0,0,0,0,0,1,3.9397260273972603
483,Chad,2021,Mahamat Déby,2021-04-20,20220,2021.2986301369863,2025.358904109589,0,B,1483,37,personal,personal,personal,personal,0,NA,NA,NA,-8,NA,NA,NA,NA,NA,0,4.063013698630137
483,Chad,1963,Tombalbaye,1963-08-11,1928,1963.6082191780822,1975.2794520547945,1,A,4263,43,dominant-party,semi-personal,personal,party-personal,0,1.392,1.0056350238404854,5.833868773085969,-8,-1,-1,-1,-1,-1,1,11.67945205479452
484,Congo,1963,Debat,1963-08-16,-484,1963.6219178082192,1968.676712328767,1,B,1846,42,personal,personal,personal,personal,0,1.607,1.0152893606267375,4.724764912873741,-7,0,0,0,0,0,1,5.057534246575343
484,Congo,1970,Ngouabi,1970-01-01,2633,1970,1977.2082191780821,1,A,2633,31,dominant-party,dominant-party,other,party-military,0,1.897,1.0790671217292378,4.911264213316907,-7,0,0,0,0,0,1,7.213698630136986
484,Congo,2015,Nguesso,2015-10-15,20220,2015.786301369863,2025.358904109589,0,A,3497,58,personal,personal,personal,personal,0,3.882,0.933981329997113,6.242938962590253,-4,0,0,0,NA,NA,0,9.580821917808219
490,Democratic Republic of the Congo,1965,Mobutu,1965-11-25,9997,1965.8986301369864,1997.3698630136987,1,B,11495,35,military,military,other,indirect military,4,2.107,1.0066889632107026,7.577079943308065,-9,0,0,0,0,0,1,31.493150684931507
490,Democratic Republic of the Congo,2016,Joseph Kabila,2016-01-17,17920,2016.0438356164384,2019.0630136986301,0,A,1103,45,personal,personal,personal,personal,6,0.861,1.0746380429355966,9.077752990775489,-3,0,0,NA,NA,NA,0,3.021917808219178
500,Uganda,1971,Amin,1971-01-25,3387,1971.0657534246575,1979.2739726027398,1,B,2998,46,personal,personal,personal,personal,5,1.263,1.0327064595257562,6.925115710858999,-7,0,0,0,0,0,1,8.213698630136987
500,Uganda,1980,Paulo Muwanga,1980-05-18,4003,1980.3780821917808,1980.9616438356165,0,B,213,56,other,other,other,provisional,0,0.914,0.871804654711942,7.16457806392787,3,0,0,0,0,0,1,0.5835616438356165
500,Uganda,1985,Okello,1985-07-29,5872,1985.572602739726,1986.0767123287671,1,B,184,71,personal,personal,personal,personal,4,0.885,0.9699693117053924,7.3302826617404255,3,-10,-10,-10,-10,-10,1,0.5041095890410959
500,Uganda,1986,Museveni,1986-01-29,20220,1986.0767123287671,2025.358904109589,0,A,14348,61,other,other,other,warlordism,6,0.867,0.9580110497237568,7.368436211621118,-7,0,0,0,0,0,1,39.30958904109589
516,Burundi,1966,Micombero,1966-11-28,2496,1966.9068493150685,1976.835616438356,1,B,3626,26,other,other,other,monarchy,0,0.725,1.0389796503296074,5.8154341593452905,-7,0,0,0,0,0,1,9.934246575342465
516,Burundi,1976,Bagaza,1976-11-09,6454,1976.8575342465754,1987.6712328767123,1,B,3950,30,dominant-party,dominant-party,other,party-military,0,0.924,1.0531114656940963,5.976944641633444,-7,0,0,0,0,0,1,10.821917808219178
516,Burundi,1987,Buyoya,1987-09-03,8591,1987.6712328767123,1993.5205479452054,0,B,2137,38,dominant-party,dominant-party,other,party-military,0,1.061,1.038160469667319,6.267585673612167,-6,0,0,0,0,0,1,5.854794520547945
516,Burundi,1996,Buyoya,1996-07-25,12172,1996.5643835616438,2003.3260273972603,0,B,2470,47,presidential,presidential,presidential,presidential,4,0.842,0.8650092459420587,6.429220966706234,-5,0,4,4,4,4,0,6.767123287671233
516,Burundi,2015,Nkurunziza,2015-08-26,18421,2015.6493150684933,2020.4356164383562,0,A,1748,52,presidential,presidential,presidential,presidential,1,0.76,0.992685475444096,6.995691061910245,-1,0,0,0,NA,NA,0,4.789041095890411
517,Rwanda,1973,Habyarimana,1973-07-05,8861,1973.5068493150684,1994.2602739726028,1,B,7580,36,dominant-party,dominant-party,other,party-based,0,0.998,1.003822168577751,6.068298265324077,-7,0,0,0,0,0,1,20.767123287671232
517,Rwanda,2003,Paul Kagame,2003-07-19,20220,2003.545205479452,2025.358904109589,0,A,7968,46,dominant-party,dominant-party,other,party-military,0,1.149,1.0988905891354248,6.805726983086022,-3,0,0,0,0,0,0,21.83013698630137
520,Somalia,1969,Siad Barre,1969-10-21,7695,1969.8027397260273,1991.0684931506848,1,B,7767,57,presidential,presidential,presidential,presidential,0,1.604,1.0088050314465409,5.8822159270033,-7,0,0,0,0,0,1,21.279452054794522
520,Somalia,1984,Siad Barre,1984-10-21,7695,1984.805479452055,1991.0684931506848,1,A,2288,67,personal,personal,personal,personal,0,1.628,1.004566210045662,6.555745152131996,-7,0,0,0,0,0,1,6.2684931506849315
522,Djibouti,1982,Gouled Aptidon,1982-06-27,10719,1982.4849315068493,1999.3479452054794,0,A,6159,65,personal,personal,personal,personal,0,3.597,0.9206081081081081,3.6790563651651738,-8,0,0,0,0,0,1,16.873972602739727
522,Djibouti,2010,Guelleh,2010-05-08,20220,2010.3479452054794,2025.358904109589,0,A,5483,63,personal,personal,personal,personal,0,3.045,1.0283687943262412,4.459485237190998,2,0,0,1,1,1,0,15.021917808219179
530,Ethiopia,1977,Mengistu Marriam,1977-02-11,7810,1977.1123287671232,1991.3835616438357,1,B,5212,40,military,semi-personal,personal,military personal,8,0.789,0.9909570459683497,8.164642303285648,-7,0,0,0,0,0,1,14.27945205479452
531,Eritrea,2003,Afeworki,2003-05-24,20220,2003.3917808219178,2025.358904109589,0,A,8024,54,dominant-party,semi-personal,personal,party-personal,0,23.786,0.9714519093322443,5.62479698570773,-7,0,0,0,0,0,0,21.983561643835618
540,Angola,1992,Dos Santos,1992-09-10,17434,1992.6931506849314,2017.731506849315,0,A,9146,50,dominant-party,dominant-party,other,party-based,7,2.785,0.9429171180931744,7.125340209750712,-7,0,0,0,0,1,0,25.057534246575344
552,Zimbabwe,2017,Mnangagwa,2017-11-24,20220,2017.8958904109588,2025.358904109589,0,B,2726,75,dominant-party,dominant-party,other,party-based,0,3.03,1.0816792803084392,7.346280495963372,4,0,NA,NA,NA,NA,0,7.468493150684932
552,Zimbabwe,1987,Mugabe,1987-03-04,17494,1987.1698630136987,2017.8958904109588,1,A,11223,63,dominant-party,dominant-party,other,party-based,1,3.174,0.9952963311382879,6.92656427553585,-6,0,0,0,0,0,1,30.747945205479454
553,Malawi,1971,Banda,1971-07-06,8906,1971.509589041096,1994.3835616438357,0,A,8355,65,personal,personal,personal,personal,0,1.066,1.0846560846560847,6.249110003183224,-9,0,0,0,0,0,1,22.89041095890411
565,Namibia,1998,Nujoma,1998-03-21,12863,1998.2164383561644,2005.2164383561644,0,A,2557,69,dominant-party,dominant-party,other,party-based,0,5.97,1.0328004982354162,5.231440112705904,6,0,0,0,0,0,0,7.005479452054795
570,Lesotho,1986,Lekhanya,1986-01-24,7791,1986.0630136986301,1991.331506849315,1,B,1924,48,dominant-party,dominant-party,other,party-based,0,1.346,1.0156957440386358,5.096403120419386,-10,0,0,0,3,6,1,5.271232876712329
570,Lesotho,1991,Ramaema,1991-05-02,8492,1991.331506849315,1993.2493150684932,0,B,701,58,military,military,other,military,0,1.605,1.06559553844111,5.2016357467496475,-4,0,9,9,9,9,0,1.9205479452054794
572,Eswatini,1983,Ntombe Thwala,1983-08-10,5958,1983.6054794520549,1986.3123287671233,0,B,989,33,other,other,other,monarchy,0,3.91,1.0248479765149927,4.264677879703989,-7,0,0,-2,-2,-2,1,2.7095890410958905
580,Madagascar,2009,Rajoelina,2009-03-17,16095,2009.2054794520548,2014.0657534246575,0,B,1775,35,presidential,presidential,presidential,presidential,0,1.263,1.0091083413231063,7.69097439823103,0,0,3,3,3,6,0,4.863013698630137
581,Comoros,1975,Soilih,1975-08-03,3054,1975.5863013698631,1978.3616438356164,1,B,1014,38,military,semi-personal,personal,military personal,0,2.173,1.02635556395239,3.38848356924208,-5,0,0,5,5,5,1,2.778082191780822
581,Comoros,1978,Bob Denard,1978-05-13,7291,1978.3616438356164,1989.9616438356165,1,B,4237,49,military,semi-personal,personal,military personal,0,2.152,0.9978670128906613,3.501525254791907,0,0,0,0,-3,-3,1,11.608219178082193
581,Comoros,1989,Djohar,1989-12-18,9402,1989.9616438356165,1995.7424657534248,1,B,2111,71,military,semi-personal,personal,military personal,0,2.469,0.9647546108158799,3.8176244100044987,-9,13,13,13,13,13,1,5.7835616438356166
581,Comoros,1999,Azali Assoumani,1999-04-30,20220,1999.3260273972603,2002.054794520548,0,B,997,40,other,other,other,provisional,0,2.208,0.9822064056939501,4.065619245868004,-2,1,2,6,6,8,0,2.7315068493150685
581,Comoros,2010,Sambi,2010-05-26,15120,2010.3972602739725,2011.3972602739725,0,A,365,52,presidential,presidential,presidential,presidential,0,2.157,0.9921803127874885,4.32411941113415,9,0,0,0,0,0,0,1
615,Algeria,1965,Boumedienne,1965-06-19,3282,1965.4630136986302,1978.986301369863,0,B,4939,38,dominant-party,dominant-party,other,party-military,0,4.806,1.0535776920378814,7.199549136447827,-9,0,0,0,0,0,1,13.531506849315068
615,Algeria,2008,Bouteflika,2008-04-27,17988,2008.3205479452056,2019.2493150684932,1,A,3992,71,military,military,other,military,0,11.814,1.0457643622200583,8.221449914587684,2,0,0,0,0,0,0,10.936986301369863
616,Tunisia,1987,Zine Al-Abidine Ben Ali,1987-11-07,14988,1987.849315068493,2011.035616438356,1,B,8469,51,dominant-party,dominant-party,other,party-based,0,5.318,1.0257300466766963,6.708741987045415,-6,0,0,0,0,0,1,23.202739726027396
616,Tunisia,1975,Ben Ali Bourguiba,1975-07-25,6519,1975.5616438356165,1987.849315068493,1,A,4488,72,dominant-party,dominant-party,other,party-based,0,3.961,1.0925690958239092,6.398643186282887,-9,0,1,1,1,1,1,12.295890410958904
620,Libya,1969,Qaddafi,1969-09-01,15209,1969.6657534246576,2011.641095890411,1,B,15331,27,other,other,other,monarchy,0,15.273,1.2369005004940152,5.353624345317091,-7,0,0,0,0,0,1,42.0027397260274
625,Sudan,1958,Abboud,1958-11-18,-1887,1958.8794520547945,1964.835616438356,1,B,2175,58,parliamentary,parliamentary,other,parliamentary,5,2.003,1.0345005681231279,6.720994282441924,-7,0,0,0,0,3,1,5.958904109589041
625,Sudan,1969,Nimeiri,1969-05-25,564,1969.3945205479451,1971.545205479452,1,B,785,39,parliamentary,parliamentary,other,parliamentary,5,1.868,0.9842976077563494,6.993932975223189,-6,0,-1,-1,0,0,1,2.1506849315068495
625,Sudan,1985,Abdul Rahman Swaredahab,1985-04-06,5969,1985.2602739726028,1986.3424657534247,0,B,395,51,personal,personal,personal,personal,6,1.896,0.9309633703230875,7.547222107872556,-3,10,10,10,-4,-4,1,1.082191780821918
625,Sudan,1989,Al-Bashir,1989-06-30,17997,1989.4931506849316,2019.2739726027398,1,B,10877,45,parliamentary,parliamentary,other,parliamentary,6,1.911,0.9972862957937585,7.668360153246401,-7,0,0,0,0,0,1,29.8
625,Sudan,2019,Abdel Fattah al-Burhan,2019-04-11,20220,2019.2739726027398,2025.358904109589,0,B,2223,59,personal,personal,personal,personal,6,4.99,1.0623350080899259,8.44779831056292,-7,NA,NA,NA,NA,NA,0,6.090410958904109
630,Iran,1953,Mohammad Reza,1953-08-19,3302,1953.6301369863013,1979.041095890411,1,B,9281,34,other,other,other,monarchy,1,2.752,0.9862385321100917,7.5466173256416855,-10,0,0,0,0,0,1,25.427397260273974
640,Turkey,1960,Gursel,1960-05-27,-2974,1960.4027397260274,1961.8575342465754,0,B,532,65,dominant-party,dominant-party,other,party-based,0,4.27,1.0344493434759436,8.013628807589306,4,5,5,5,5,4,1,1.4575342465753425
640,Turkey,1971,Erim,1971-03-19,837,1971.2109589041097,1972.2931506849316,0,B,395,59,parliamentary,parliamentary,other,parliamentary,0,6.134,1.0637855086538794,8.268125237920263,-2,0,11,11,11,11,1,1.082191780821918
640,Turkey,1980,Evren,1980-09-20,5074,1980.7205479452055,1983.8931506849315,0,B,1159,63,parliamentary,parliamentary,other,parliamentary,4,7.413,0.9713813979086406,8.466764365373496,-5,0,0,12,12,12,1,3.175342465753425
640,Turkey,2017,Erdogan,2017-03-14,20220,2017.1972602739727,2025.358904109589,0,A,2981,63,presidential,presidential,presidential,presidential,2,22.367,1.0698740086672853,9.081521401286594,-4,0,NA,NA,NA,NA,0,8.167123287671233
645,Iraq,1958,Karrim Kassem,1958-07-14,-2519,1958.531506849315,1963.1041095890412,1,B,1670,44,other,other,other,monarchy,1,6.065,1.0753164781390732,6.536023258360359,-5,0,0,0,0,0,1,4.575342465753424
645,Iraq,1963,Salem Aref,1963-02-08,-1359,1963.1041095890412,1966.2794520547945,0,B,1160,42,personal,personal,personal,personal,5,7.321,1.0610452476883387,6.706160378796561,-5,0,0,0,0,-2,1,3.1780821917808217
645,Iraq,1968,Hassan Al-Bakr,1968-07-17,3483,1968.5424657534247,1979.5369863013698,0,B,4016,54,personal,personal,personal,personal,5,6.423,0.8840775202334417,6.83208516424186,-7,0,0,0,0,0,1,11.002739726027396
651,Egypt,1952,Naguib,1952-07-23,-5527,1952.558904109589,1954.868493150685,0,B,844,51,other,other,other,monarchy,1,1.071,0.941290209175602,7.699061305314717,-7,0,0,0,0,0,1,2.3123287671232875
651,Egypt,2011,Tantawi,2011-02-11,15521,2011.1123287671232,2012.495890410959,0,B,505,80,dominant-party,semi-personal,personal,party-personal-military,1,8.008,1.0888127481372707,9.111782664658056,-2,0,-2,-2,-2,-2,0,1.3835616438356164
651,Egypt,2013,Mansour,2013-07-04,16229,2013.504109589041,2014.4328767123288,0,B,339,68,presidential,presidential,presidential,presidential,1,8.222,1.0390234039326693,9.15983897448182,-4,0,0,0,0,0,0,0.9287671232876712
652,Syria,1954,"Atassi, H.",1954-02-28,-5231,1954.158904109589,1955.6794520547944,0,B,555,79,military,military,other,military,0,3.518,1.1196690006365373,6.017220009307692,4,3,3,3,3,3,1,1.5205479452054795
652,Syria,1966,"El-Atassi, N.",1966-02-25,316,1966.150684931507,1970.8657534246574,1,B,1722,37,dominant-party,semi-personal,personal,party-personal-military,0,2.941,0.9720386039132733,6.349893951081237,-8,0,0,0,-1,-1,1,4.717808219178083
652,Syria,1947,Kuwatli,1947-08-17,-7582,1947.6246575342466,1949.2410958904109,1,A,591,56,dominant-party,NA,NA,NA,0,2.702,1.0208553725253136,5.887120181661279,4,0,0,0,-10,-10,1,1.6191780821917807
660,Lebanon,1948,EL Khoury,1948-11-22,-6314,1948.8931506849315,1952.7150684931507,0,A,1396,58,parliamentary,parliamentary,other,parliamentary,5,5.852,1.0479192034954516,4.95299911908779,1,0,0,0,0,0,1,3.824657534246575
660,Lebanon,1995,Elias Hrawi,1995-11-23,10554,1995.8931506849315,1998.8958904109588,0,A,1097,65,other,other,other,foreign-occupied,0,7.136,1.1009287543583572,5.927675078693693,3,0,0,0,0,0,0,3.0054794520547947
660,Lebanon,2004,Emile Lahoud,2004-11-24,13840,2004.8986301369864,2007.8931506849315,0,A,1094,68,other,other,other,foreign-occupied,0,9.243,1.074442610373608,6.203892895128663,3,3,3,3,3,3,0,2.9972602739726026
678,Yemen,1962,AL-Sallal,1962-09-27,-788,1962.7369863013698,1967.8438356164384,1,B,1865,45,other,other,other,monarchy,0,1.332,1.011389521640091,6.427502506243183,0,0,0,0,-3,-3,1,5.109589041095891
678,Yemen,1967,Al-Iryani,1967-11-05,1624,1967.8438356164384,1974.4465753424658,1,B,2412,50,military,military,other,military,0,1.424,1.0342823939570016,6.511678462624632,-3,0,0,0,0,0,1,6.608219178082192
678,Yemen,1974,Al-Hamadi,1974-06-13,2840,1974.4465753424658,1977.7753424657535,1,B,1216,31,personal,personal,personal,personal,0,2.295,1.1460101867572154,6.640095417559401,-4,0,0,-2,-2,-2,1,3.3315068493150686
678,Yemen,2001,Saleh al-Hashidi,2001-07-17,15397,2001.5397260273974,2012.1561643835616,0,A,3877,59,personal,personal,personal,personal,0,1.8595,1.0901462903571084,6.575886940092016,-4,NA,NA,NA,NA,NA,0,10.621917808219179
680,Yemen,1978,Ali Nassir Hassani,1978-06-27,3282,1978.4849315068493,1978.986301369863,0,B,183,39,dominant-party,dominant-party,other,party-based,2,1.663,1.0018072289156628,6.3281974640348455,-8,0,0,0,0,0,1,0.5013698630136987
680,Yemen,1986,Attas,1986-01-24,7446,1986.0630136986301,1990.386301369863,0,B,1579,47,dominant-party,dominant-party,other,party-based,2,1.764,1.013793103448276,6.327216881804833,-7,0,0,0,0,NA,1,4.326027397260274
694,Qatar,1972,Khalifah Ath-Thani,1972-02-22,9308,1972.1424657534246,1995.4849315068493,1,B,8526,40,other,other,other,monarchy,0,93.119,1.1614902958638926,2.6506329302322595,-10,0,0,0,0,0,1,23.35890410958904
694,Qatar,1995,Hamad ibn Khalifah Al Thani,1995-06-27,15881,1995.4849315068493,2013.4794520547946,0,B,6573,43,other,other,other,monarchy,0,32.922,1.0503646700740825,3.981287839929804,-10,0,0,0,0,0,0,18.008219178082193
700,Afghanistan,1973,Sardar Mohammad Daud Khan,1973-07-17,3038,1973.5397260273974,1978.317808219178,1,B,1745,64,other,other,other,monarchy,0,1.706,0.9185871203962955,7.215462748032821,-7,0,0,0,0,0,1,4.780821917808219
700,Afghanistan,1978,Taraki,1978-04-30,3372,1978.3260273972603,1979.2328767123288,1,B,331,61,personal,personal,personal,personal,7,1.692,0.9970536240424277,7.309629949175374,-7,0,0,0,0,0,1,0.9068493150684932
701,Turkmenistan,1999,Niyazov,1999-10-27,13503,1999.8191780821917,2006.9698630136986,0,A,2612,59,dominant-party,semi-personal,personal,party-personal,0,5.623,1.0724366798901435,6.193717399390597,-9,0,0,0,0,0,0,7.156164383561644
702,Tajikistan,2003,Rakhmonov,2003-11-20,20220,2003.8849315068494,2025.358904109589,0,A,7844,47,personal,personal,personal,personal,0,1.918,1.1566759136412978,6.532340114621702,-3,0,0,0,0,0,0,21.49041095890411
703,Kyrgyzstan,2000,Akayev,2000-10-27,12867,2000.8219178082193,2005.227397260274,1,A,1610,54,personal,personal,personal,personal,0,2.752,1.0113928702682835,6.233333675319535,-3,0,0,0,0,6,0,4.410958904109589
704,Uzbekistan,2002,Karimov,2002-03-24,17046,2002.2246575342465,2016.6712328767123,0,A,5276,54,dominant-party,semi-personal,personal,party-personal,0,4.641,1.0611395646606916,7.904513858914078,-9,0,0,0,0,0,0,14.454794520547946
705,Kazakhstan,2007,Nazarbayev,2007-04-24,17975,2007.309589041096,2019.213698630137,1,A,4348,58,personal,personal,personal,personal,0,15.942,1.2014107646163352,7.421953409448974,-6,0,0,0,0,0,0,11.912328767123288
710,China,2022,Xi Jinping,2022-11-15,20220,2022.8712328767124,2025.358904109589,0,A,909,65,NA,NA,NA,NA,NA,NA,NA,NA,NA,NA,NA,NA,NA,NA,0,2.4904109589041097
732,South Korea,1954,Rhee,1954-08-15,-3536,1954.6191780821919,1960.3205479452056,1,A,2082,77,personal,personal,personal,personal,0,1.386,1.0904799370574352,7.714074436142346,-4,0,0,0,0,0,1,5.704109589041096
770,Pakistan,1958,Ayub Khan,1958-10-07,-282,1958.7643835616439,1969.227397260274,1,B,3822,51,other,other,other,oligarchy,9,1.172,0.999829380651766,8.475099346770728,-7,NA,NA,NA,NA,NA,1,10.471232876712328
770,Pakistan,1971,Bhutto,1971-12-20,2742,1971.9671232876713,1977.5068493150684,1,B,2024,43,military,semi-personal,personal,military personal,9,1.736,1.0536537994658899,8.806297052647162,-7,NA,NA,NA,NA,NA,1,5.545205479452055
770,Pakistan,1977,Zia,1977-07-05,6803,1977.5068493150684,1988.627397260274,1,B,4061,53,personal,personal,personal,personal,2,1.887,1.033972602739726,8.965040420414375,-7,0,0,0,0,0,1,11.126027397260273
770,Pakistan,1999,Musharraf,1999-10-14,14109,1999.7835616438356,2008.6301369863013,0,B,3231,56,parliamentary,parliamentary,other,parliamentary,1,3.049,1.0106735613895519,9.601642659140177,-6,0,0,1,1,1,0,8.852054794520548
771,Bangladesh,1975,Ziaur Rahman,1975-11-06,4167,1975.8465753424657,1981.4082191780822,1,B,2032,39,dominant-party,semi-personal,personal,party-personal,2,1.091,0.9473775616533519,8.952536144717463,-7,0,0,3,3,3,1,5.567123287671233
771,Bangladesh,1982,Ershad,1982-03-27,7644,1982.2328767123288,1990.9287671232876,1,B,3176,52,personal,personal,personal,personal,2,1.17,1.0046367851622875,9.136072648601376,-7,0,0,0,2,2,1,8.7013698630137
775,Myanmar,1958,Ne Win,1958-10-29,-3579,1958.8246575342466,1960.2027397260274,0,B,503,47,parliamentary,parliamentary,other,parliamentary,4,0.764,1.0448577680525164,7.753121703919593,1,0,4,4,-7,-7,1,1.378082191780822
775,Myanmar,1962,Ne Win,1962-03-02,6780,1962.164383561644,1988.5643835616438,0,B,9642,51,parliamentary,parliamentary,other,parliamentary,4,0.778,0.9976917158245704,7.7819853328176025,-6,0,-1,-1,-1,-1,1,26.416438356164385
775,Myanmar,1988,Saw Maung,1988-09-18,8148,1988.7150684931507,1992.309589041096,0,B,1313,60,military,semi-personal,personal,military personal,5,0.947,0.9058733499139086,8.306189651062862,-4,0,-1,-1,-1,-1,1,3.5972602739726027
775,Myanmar,2021,Myint Swe,2021-02-01,20220,2021.0849315068492,2025.358904109589,0,B,1561,70,dominant-party,dominant-party,other,party-military,5,0.8625,0.9517825328692395,8.044087491940232,-4,NA,NA,NA,NA,NA,0,4.276712328767124
781,Maldives,2012,Waheed Hassan,2012-02-07,16026,2012.1013698630136,2013.876712328767,0,B,649,59,presidential,presidential,presidential,presidential,NA,12.383,1.0299597431546728,3.7519481455809194,NA,NA,NA,NA,NA,NA,0,1.7780821917808218
800,Thailand,1958,Sarit,1958-10-20,-2216,1958.8,1963.9342465753425,0,B,1875,50,military,semi-personal,personal,military personal,0,1.216,1.0366581415174765,7.879840161178488,-7,0,0,0,0,0,1,5.136986301369863
800,Thailand,1991,Panyarachun,1991-03-07,8129,1991.1780821917807,1992.2575342465752,0,B,394,59,parliamentary,parliamentary,other,parliamentary,0,6.82,1.172909572455543,8.698390783465069,-1,10,10,10,10,10,0,1.0794520547945206
800,Thailand,2006,Chulanont,2006-09-19,13907,2006.7150684931507,2008.0767123287671,0,B,497,63,parliamentary,parliamentary,other,parliamentary,1,11.658,1.0909397166438959,8.846298789432193,-5,4,9,9,9,12,0,1.3616438356164384
800,Thailand,2014,Prayuth Chan-ocha,2014-05-22,19591,2014.386301369863,2023.6383561643836,0,B,3379,60,parliamentary,parliamentary,other,parliamentary,1,14.834,1.0476284640809062,8.888433385227835,-3,0,0,0,0,NA,0,9.257534246575343
811,Cambodia,1970,Lon Nol,1970-03-18,1925,1970.2082191780821,1975.2712328767122,1,B,1849,57,other,other,other,monarchy,5,1.177,1.1173343459274732,6.682362951064098,-9,0,4,4,4,4,1,5.065753424657534
811,Cambodia,1997,Hun Sen,1997-07-06,19591,1997.509589041096,2023.6383561643836,0,B,9543,45,dominant-party,dominant-party,other,party-based,2,1.309,1.0106547251389748,7.086776395309412,-7,9,9,9,9,9,0,26.145205479452056
812,Laos,1960,Boun Oum,1960-12-13,-2750,1960.9506849315069,1962.4712328767123,0,B,556,48,personal,personal,personal,personal,3,0.775,1.0162601626016259,5.4739541298132695,-4,0,0,0,0,0,1,1.5232876712328767
817,NA,1964,Khanh,1964-01-30,-1884,1964.0794520547945,1964.8438356164384,1,B,279,37,military,military,other,military,7,1.608,1.002743826390621,6.378417694651209,-3,0,0,0,0,0,1,0.7643835616438356
817,NA,1965,Van Thieu,1965-06-14,1936,1965.4493150684932,1975.3013698630136,1,B,3598,42,military,military,other,military,7,1.609,1.0019927761863245,6.378242805208907,-3,0,0,0,0,0,1,9.857534246575343
840,Philippines,1976,Marcos,1976-12-30,5899,1976.9972602739726,1986.150684931507,1,A,3344,55,personal,personal,personal,personal,6,3.255,1.070653246496941,8.43363721945075,-9,0,0,0,0,1,1,9.161643835616438
850,Indonesia,1966,Suharto,1966-03-12,10367,1966.1917808219177,1998.3835616438357,0,B,11758,45,personal,personal,personal,personal,8,1.275,0.9628454916175804,9.300081619476408,-6,-1,-1,-1,-1,-1,1,32.21369863013699
850,Indonesia,1963,Sukarno,1963-12-27,-1391,1963.986301369863,1966.1917808219177,1,A,806,62,personal,personal,personal,personal,3,1.342,0.9543450433793201,9.233603475500283,-5,0,0,-1,-2,-2,1,2.208219178082192
950,Fiji,1987,Rabuka,1987-05-14,6547,1987.3643835616438,1987.9260273972602,0,B,205,39,dominant-party,dominant-party,other,party-based,0,5.185,1.005585508707963,4.333085834159365,-1,0,0,6,6,6,1,0.5616438356164384
